userid;email;nome;idade
3742ae7622895b8d06b6636335d8a2e6;hltvosgrme@yopmail.com;kfmsjqhrvcwxp;61
66fb58010c3fc7fc2a5bf9b29a94d9e5;fcaulkgtnrbo@yopmail.com;rklqjashcox;57
fd690c2c62cf6107b7c08f0ca7aec5e5;aopmbhqfvk@yopmail.com;petyfmxdsivcj;42
24b33a39070fd2e63cceed3c31ddfee5;lweqzmtgaidsop@yopmail.com;iptdebyfjucqhlagronm;47
9fee82bdb960f4a1557872be2e11dd45;vkiwrfysgjpan@yopmail.com;ztwxphvgjbalskcqi;48
4670ded0bf62e7e8f78961ea9c8cf2e1;wvybpdqtnlzaifjuoxk@yopmail.com;bjpztvykcohwsqaf;37
37712d29c57a81435e6a8d77bb25ffe9;pbxneloqjsfmki@yopmail.com;foqdngvtmas;58
d26e692ce67cdc1244ece597c298eafe;kfbahcuyogj@yopmail.com;lprfuowxmnzdycbi;31
0d7d27ea24632d747709a1648349024c;pqshbyzuwkdjiogfarmet@yopmail.com;bwodelctrfphvuaxkqz;62
e3f87f0a3de1d451d22cfe3be5d93463;htxnrblocgmj@yopmail.com;afvkmrdxghtoiuz;36
89429326c54df6603c917722dd8f40f8;qnuzcflypobvgsm@yopmail.com;yusdigawnpcrhjvt;29
5fdcd48689ea55ae453affd62db8419a;nqeumjwpozrditybafg@yopmail.com;cetsvdaplfgrxhzjuiokm;44
f59b075a15acae4c40c5e7c4f1c9c43f;uinpcerqxdhmljot@yopmail.com;gpokunycljqbewm;72
a0bbb2cbe6001467da5f9bab2918f15e;lipayenquorvmwzd@yopmail.com;rxdjuytlpqn;66
5b0dc29362fb7e1fe238bc36425b22dc;ynjwmoqcvegtrzulaxpdh@yopmail.com;wybniczsufqdpokxrg;18
7bada8088e83cbc6bdc02e45df935253;klhdgziryfxtbeqn@yopmail.com;psjznocwkvribgxm;35
4317b644da13d8b20cc2a7e25d2d5daa;cpsvxljokbheangy@yopmail.com;ebpivnsgfzruyqkw;64
13380006864ae7f56fcb4af9caaff5bc;qgbwyuxpkszthjfo@yopmail.com;wrmjzgilauvbysxq;60
41dce3aafd1eef4e5ea6a64ca6e7e90e;railqwbvojfdc@yopmail.com;kfuicwnvdgo;20
213bf4c3a459d30ccfe09569c7982b07;hrklveqozidt@yopmail.com;dswzxiqptk;27
84f14dd77e3229e880654edd327077a9;vpkhmyojwldqn@yopmail.com;tqegjvwzofhuysbknrmx;74
9df2c909fd22e38aedeb68163ba35d4d;ecasbxtljmkvdhzwyoiun@yopmail.com;pwadijtqlxg;68
239663f0b9ef2aa4d8dcfec984446590;fpogiwktsnjhvcluedz@yopmail.com;bfqwdlyzgjsvtaxpeciu;41
35a4f30ad8630d1f89101dfbd2c748c3;tvrnyebplhuoxjadigwm@yopmail.com;wahxufqmnckordvitl;26
951d1e59b0cf32e796dab6bc771b8a26;yiouqmpclvasnhget@yopmail.com;bowpzyeafxiktd;54
e47a83b5ae9dbc4ae486b886d2b877de;umzikcebfxlhpvnjqs@yopmail.com;othgwvearjlsbfzdxcpiu;67
a66c31a9882e2ece2f365e4c215b01b8;qjmptwevblnzf@yopmail.com;xfnghbpsiduoqckez;30
1e955d824533cbdbc9907f75b07f8adc;woirgabnxlmtspjhfzv@yopmail.com;tnhveabgwcifdp;74
cbaab67085a6567977e409c20a8d81dc;snfpwagrkmvdiecqh@yopmail.com;nraxmzhlibuqvk;38
976ca217c2f4fd9f7af266d73b058093;hpcqnojuzakibwlmsx@yopmail.com;lprgcqythdmjazuv;75
02196188cecfcb642eea0d96565b3b83;jwufdgrbzcehpkilotsmn@yopmail.com;aqshumptobigekzdlxrv;36
245ec419331d3d36ff1be82a9ae9c0d1;zadwbpfytiqhlmnsvgr@yopmail.com;lnutrehsiyz;57
4e7293e5cf2cf9c7d5e62cbc86ceec4d;psftbvhxcjqdkne@yopmail.com;qyvrgpazxuojd;34
d06ebd42842443ca8658b14d3fa53bd6;qztxdjcnvo@yopmail.com;ktlounpdrwxcbvgiyajm;43
5813f524520ab8d4f87958175f0d7bc1;pdvbhlynromuq@yopmail.com;pvutniahjgqyx;49
64d75f00b50fdcb4c0549ec9a2aaef08;suzbwgyrvefianlcxdq@yopmail.com;lzmvfijrwybqdgopntux;72
7bb1be0ea001889ebe17bf47d1eee0a0;poeluqgsacnfwtizv@yopmail.com;ntzsomuevk;45
a5fa83d5110832f5a8bfa8fe64136174;oinrylwxuqtsgfjacdhpb@yopmail.com;cfrovijwsldha;22
4ca5458e796e622934419b9758e84b12;dkozwgteqbjphx@yopmail.com;toadvgkpjirzmxfwc;62
ea6fac1216252daa3fcd23d7b399dcbd;itwmyvsfeqrndghb@yopmail.com;lbnetopshmykfgwicdv;64
d890c1d3a006864cb22b6393aa5b9c71;ynmtrevxopf@yopmail.com;bcqjtznpgfi;37
0a22330e20027a6d43618a20d4e579e2;izgkfaloyxrbtv@yopmail.com;ewfnlsjhxvrqcmpbady;37
0f98bea4e29529e64fa729431f738564;obfnetxcqwrz@yopmail.com;afjukcmbitshvwxnrp;63
98333f27e3b65362ce479617a2d171f5;nhcrtdkzbfqewgm@yopmail.com;feosbxpdqgaykjwzm;24
d44246ccf6651c8cd3eee9c4b637304a;byamwsrljpct@yopmail.com;bmhyxgpqulwtskjrdieof;50
263607fe13bcf30f98a5d379e2d8c156;mwfnjbisydtvhxa@yopmail.com;hmtyaqnpkilowgbv;61
3ec8da7903b62e5a691cfb3e61eb81da;zqowsjmapdtnfir@yopmail.com;qbxsejlwmrtnczp;49
12be34aacd6d0afb12fb34ecb0a11e83;rxmnodeazhlkwtsbqup@yopmail.com;lcxgvjtenapow;34
d7c0599718a8fa9f7679068a14eed8b0;cdgbuerjkqmiwnlxfhts@yopmail.com;dhaimuycwenzsqtv;62
50c7d1cd99a08f3b8b1d56b94c038d6a;codzmqlvnjewriktg@yopmail.com;qczhdesjgfyxakmitno;68
634d8d54e9d2dc6d2f6ac311ad53b91e;mhvecnktzajuigxfbd@yopmail.com;jrgoshkbaetvmfu;35
2c017305e4604aa56e431a0df5320ddd;hjrwsltmgfz@yopmail.com;kpwletrzouv;62
954352d65ec3742d8852feb2588ce286;bhsvkwiucflntdxeraog@yopmail.com;ghnrxidpuslq;69
d74ba51f61531aa53b231742f166dc52;mbhvogjckaxu@yopmail.com;mwaujfborhepncgxklzt;63
595fd310fadd83d3e5b46d27d2174ecb;wyefcqkjudsmoxlprazg@yopmail.com;iprwjgkdqo;22
f35a3666b3cb75660d891bd75bce1ad8;jfszqdvlbnou@yopmail.com;vgliofezjdks;64
0c9b3d1e94f4004be1fef1c97ee53ff5;coxyrswvjudqfi@yopmail.com;jeslyxmcnkqiotdaphvu;44
d359361f7882ff3c7f946f08b41ac73b;sjphelunvbaoxrft@yopmail.com;xtvsgofmqzelcjnw;69
d6c4fbca020eb14f663e1708c35e1a98;somjcpeutbanlfhwvqidk@yopmail.com;wpldsmyjhevx;60
024ad268314db90b003cc646e0e843d5;oqvnkcxjryh@yopmail.com;sxagkroqwjcimvunzdtyp;45
a929260c35897d79348cf728b540c2e1;ondpbrkswvigaxcqtym@yopmail.com;nlcyqgpaizdeb;33
0955868ee06b00839366a226311fc882;kvwygtcrihsl@yopmail.com;szvbuenwdcxpgrmk;21
7da16137378e77436f945c07ebee7f6f;peqamjxnvt@yopmail.com;jbhcykndtw;60
09c60939d905ffec23441e23b96f115a;ndvcebpiqgsz@yopmail.com;fcinqgmwrs;34
a88f816cc375fe5cfae71d99807c94ef;awnlfxdzgukhbvretmyc@yopmail.com;qvuhbmxsogaiwtkjpzcne;47
fe755a8829bcc62888dcd0c38de93bf9;ncojkuqhxwstlrm@yopmail.com;gsfuibjknqczmwlpyhr;68
2cdb856b37afc207cb754bef6603c2fd;wfryxuahginjtkqp@yopmail.com;jyivwoxdqpgens;55
99973cbe298cbef75258845a405a9c39;ixftjcrpwyabu@yopmail.com;nwubqakhxtyp;35
b9d505cf69d9d8e28619e2016065b70e;djgwzxtqnukelcia@yopmail.com;veudqjyotglrfbwicps;74
924a8eb780eb0c85fac1ffd1cd9f7759;yebsvcukiq@yopmail.com;oarxntzfebwdqhklvmp;58
3bca5fd74baa6ec254bb97df94afac3b;tiyoxemrbu@yopmail.com;boamriqhwp;53
70e82a8e8de0778d889c9f0a98c07b70;jenltorzcqvxyfu@yopmail.com;ykmhjxsclz;40
70c75f8d110cfc2ccdc9f575c608498b;dcxabvsykegujiohfzrqw@yopmail.com;wadrqfhotvnl;30
64d1cc3408b81acdb0ea3041baa69dca;xmbgzyvwjsep@yopmail.com;rovjblspcaytehukdzx;20
4ac8915c7efc5e3064120fb43bc76168;mtnybepczvksjqlrohadu@yopmail.com;qcgdznhaoxjls;67
f29db9ee4963a79be2184fbfc1ec1442;lqrhakpvfbeiymtgoucdx@yopmail.com;blekxwsnajmifvdt;38
1b3be56be172038673f7ee24722dd401;zedwkchxjyrli@yopmail.com;wbvtlqxrnoyfazedps;60
976ef3f60fab1debc9681a48b063361b;dolncwpvaqxkmt@yopmail.com;trekiobzcduas;75
939b6385778c4581978bd77c2e6bfa02;bwqxcrsoek@yopmail.com;dbfaxkcwrtmhqv;60
f80bb246c1fe2c07aeb45fc635b382b8;wdymojrkce@yopmail.com;xiwdsraqlphzbvcou;56
3181eab7594d3d9ac4cc4fc463e60560;piozfvmytdurcxkgahwj@yopmail.com;mpziqkowgutacdfs;63
311facef9bdd4e56fdbe2e72330f84c4;qwtnyjfdxo@yopmail.com;ikogjncemxlhqr;19
978d34372e82b6931c512a8c03f5d6ba;vkydwxnelrmuj@yopmail.com;ehivscqzbrjo;48
518b0fb478f8f3cdf7345dab56c5156f;sfxkhroldaytz@yopmail.com;avsdufrcbwyeix;25
c52c9150603fbd7329e7d373c0f192d1;xyosmeukcrtpglhzb@yopmail.com;lnkrejzqmvwhdsoa;64
752e2eb658f748581b23467ef2b6ed91;xalcwsybuhfr@yopmail.com;rjulweoxyqahivs;47
304f5273c3211715cc6fd48b3117f9df;fbuteqdsavckg@yopmail.com;yiqgzsrwethclmbdv;70
d7ff873ac84829c9be4d3d5a3c424c07;qbafecwrihxmyntkso@yopmail.com;bfznkwjyvhqxsem;72
ce53f5861c384c04e94bd087c028e5e4;bxjovpwstgrdnfhy@yopmail.com;olftcheyrnza;69
898799245d25e4f2b10d616aada26aff;jfoblyckrsqxtmdehu@yopmail.com;ueyjpqrgwo;69
97da15f47b40544bf10b11856c07058b;hmtisqwldjcyrzugop@yopmail.com;tanmsibqvwlkegjh;74
ab78e918b3bf529ed1de018c7fca1179;yozevwturlnkxspd@yopmail.com;oqrxjhesbfik;21
9229365202745d7a8bbd5a4dcee69838;hsudkmfqvzoxa@yopmail.com;qnmgwhkfcevtjblysoau;71
0256ab820a7e223ff404ae78934765b5;mwqeagyzdojrhtplk@yopmail.com;dlugbjsfvracy;61
cfff7a0665d529a1c2e8fa0b0791c62a;lkzovbdjnacfugw@yopmail.com;ntzcxlgdfba;65
e9827f55c007d828154f2af4fbe5c04a;azdifrwpmboxvkuhtgel@yopmail.com;xutkwdjahpzybevmorqg;41
2ee9972af14273b1c4fe364f8773d1e3;nqsgakyjzothf@yopmail.com;mgfvhtcnkpbaluwdqz;75
da499539b8580b119438b9d4d198c284;hldycujavpr@yopmail.com;wgoesxtdlhzvubnapy;31
0410d1b3f7b9ddf41420b24e5c49d8eb;jusgykbeitdchpf@yopmail.com;yagexsiqzj;52
1c72ce8e89dd09dde47636b4a6cc8a09;hsqlkoarndtfpjxe@yopmail.com;uwevytrnxpgmb;67
54d7d821fcff008e76d1052d5c734e39;tgvoraeyjzhqswxlc@yopmail.com;zuabofkygijv;21
983b844cb71c0fe33150c1428dc4176e;uvmgenkzliotjcbp@yopmail.com;xkfruzcvmwoqbptdgn;54
6b15bf84d85dadee68c8f9b0f34c2aa5;huztmbiloqdpyvjnfwk@yopmail.com;ltziamqhvywbsxdpgkc;30
3656fe03e77b57dd5b7ce94ba1219a22;bmnrsviplyjawqdzcehx@yopmail.com;rzijdulmpcs;29
e765cc294585c375df6a411b69eb5b47;oucfdyetnrlw@yopmail.com;hdpmestbjornua;28
6b7384c2da234e2d876f6db7e022463e;xognvdcefraqw@yopmail.com;cpbkuroeqvzxhtwsmya;52
fdefcd648704fa8df499ec81e6f0ae79;fmlvozaxpjtgkwhi@yopmail.com;xojtksmdhzvrialuqpn;63
aca1f714b60a225967fb08b63c217cda;fuqrmevhbcanyigj@yopmail.com;iuepqjxbcgzwr;62
bd696edef6e49f89e0e7d7edd89cb13c;wyentsozjmlb@yopmail.com;wvoefqahxtjspldrkzny;42
fadcec212bee0baffc43f10166463de2;ljuxkqnibtphywz@yopmail.com;pidauflqsxoz;66
2a4d4c634fc766caa17c3c31648c394f;powbysgxcth@yopmail.com;xckaufsdrpewlybihq;34
230a4e6f6bc1d648920589d7c1ee2735;nycfrjlzitomvu@yopmail.com;cbpdnxijzsvak;36
27bface6d7b00ec26b935bfe63849360;gtrapdjonhvywuqezixml@yopmail.com;szrjiynevkcg;63
be6c03461b732cc1dc5e191c9853f009;fplnzcetgmwyubqvh@yopmail.com;iolewtxuqapg;42
297fd78a7f85b917fbf56e2bac9bfa7c;hkitmjrcvoy@yopmail.com;iwvbdjyecnrpqkzfls;42
a1d74bdbb691f97c11ef145147950aed;phivqmadfkwlx@yopmail.com;oqyzjfmxswadbkcntgl;29
71183448892b384b3d3333a265cb6640;sayqfzvcwnjhtrlbipeox@yopmail.com;opcaurmwdbyiezkjxs;59
9369c44e4f2913d142285cef6a040001;dtsuklyhxwezqifoamcpj@yopmail.com;lzeybxnofcat;19
2f7723f3aaf044cda5db0d0a52f5b00f;gmboucsdhpjaqexzfyvtl@yopmail.com;mfztnligapwcdjbvxro;19
5b9999107f570c5434d02978f613484e;mqjtlhsbnpu@yopmail.com;rjzcdqeisgmb;74
5f7e50b192f513a66d61b242a664b0df;rhofyzsnetwqcmbav@yopmail.com;agpxybtqmzusjvfri;29
0af23723f2a956539fa813b862f06934;wivhezqfljtgnmspybac@yopmail.com;qbgermuzolcvwyp;52
db931034f36d946f14c84dd6b570709c;tufsglwjpkvqyhb@yopmail.com;iopyslvdqefnzjtw;64
829d9909e5ceee46e69da6fe6657c709;nxbtwolrvgakpcqe@yopmail.com;pymoabqvkwihtegcsdj;47
1920242de8cdefe5679c98c59a2d1abe;jwqigxvndba@yopmail.com;kbfjugnomcvsew;71
ac7a7edf0f9dcd2c9dadc39e76e19bb9;dxkwgchtqamepj@yopmail.com;glknzomifvqhydutsxcjb;38
9f637d7d2d3dc633b38d39b36f113540;jwxricgzakqb@yopmail.com;mojdhkvsxfapny;63
baf2a8e5fe7cf959ab5bc06e882e1316;ovbdmrctyajuefiwnphlz@yopmail.com;ykhbjdzwtisfqurnax;49
72b5c64a9bd2af417b6504b45c8af84e;gaoldismfbteqxk@yopmail.com;ujkhvqtgcxroewaisbmfz;26
d401a294bc7a98d5c650a2e784c84c6b;sxjvrgfcpqkuyohinw@yopmail.com;oasznhtkfjdpqgywuxim;48
c48199242417bd8d8509be36120fb9c5;xtsfhdevbkpngilqmzjr@yopmail.com;wgkrjymcxibehzulsv;66
a0d4da8decb2ecca3a948df8c1693d2a;dexjkpuiotavlfhmsc@yopmail.com;hkyldtvpimf;63
d3f60ae0d361934709e6aea1333d6b61;brhqpdmiszlekvtoxy@yopmail.com;sugdjetkacvwiynlmrqxo;56
68cc825e210ff6b87f17485604a3f2da;ymbulhtvkwgsciezj@yopmail.com;claendqphfimuxrvyb;27
73ac25b68a00dd0a719f55575daa2c17;gedhtwxivfs@yopmail.com;hiogjsfpxver;72
c3498cc0a7a22b1b02e33a2afedd3ead;lgfhoqnasrbucme@yopmail.com;hdlkbgpacxwqovsfjmre;61
7416d0497430d8b8c717785d0801dcfe;jcpkxzwngbmtaqy@yopmail.com;uapeqmdvnzjyfbotw;34
3b79152db8dff94aafe0ef0526885b97;qjscfwaovrmupy@yopmail.com;blgoayvhpzkdrnijxfuwt;66
7a8b0cb1de2cef840b66c7f20ac66d6e;jgtmohxcbpsdyn@yopmail.com;wsmdkjzoingyrulcb;26
0a172c91e4d6b63812f8b409c68a77bf;dfkbzytplqhsean@yopmail.com;kyajgexfimdw;40
165703e1dd5cb47e8c548957896953ba;utqjoawylmrhvkp@yopmail.com;zuayetcvdomrbfxh;67
f95ee6d3a90d6d8b9b3afde5ea2f6133;xfosyvjunemhrtlckw@yopmail.com;xfszmlyircdko;49
1ef11865f18fa525b42fe5713bd7aaa0;iqbdvuycnez@yopmail.com;tylfavsjoebmpgx;70
a1fda333fada9acda4028969ddeb4878;egthqaxyinp@yopmail.com;ousqicngxywhf;61
2a4d794779df4830a6abd0fa103c6658;dhgfjsonpbxiqmalrucw@yopmail.com;pbtrvoljwukdqehc;42
e643a31f92b3c806e5b029a0e71eb7d6;souxaeihykp@yopmail.com;zbmthxwdignpqolsaerj;60
742902b5c2d997b602c40faf3f48447b;pobixdzwlmkjahvntfr@yopmail.com;sgrphtxqofznylkmaide;61
63cebf04842522119cb8933eaaac9173;latymwbdzfhe@yopmail.com;rblnmadweovuhtcz;60
b1382321ee9c924ebcf07370a2873262;pgwoqhxrnvmjl@yopmail.com;iedxljtznuyrvg;45
b217207eccf611539e9d15857ba6584d;gtnkyuozjfvcxehpawib@yopmail.com;cqiamelhjntgw;57
ee272f91333bfaa4929554c97d18f1dd;fpqhuzvgyackoejnlsw@yopmail.com;udbpzygxisnoqeva;32
5898e81588e7d692c3277374dbc718e0;jaqzmiyublpherwscntg@yopmail.com;itqhubncmfdargpwv;20
4f9b8950181402e0a4f5536fd27e3e2a;olpbquevrzdsyag@yopmail.com;pvsgdulyoxq;25
a02a0eb442dc4940317ea4766e578663;otngqhekrfwsvb@yopmail.com;shzxkypuejanrvbwqm;21
07c133d6004b6e87bb1577594292c3c7;xfzudphcgqeiml@yopmail.com;prilamntzhdwjvygxf;30
6fae1ad1cae4e07505670a15f6dc5c0e;tuyaqljhzm@yopmail.com;bmyzviajecwgrhf;27
dcf513bc7d0f94c798974fb92d983b84;npsdvrtohma@yopmail.com;isvrkqyzfmxaowled;23
782044dac8393e6a55709729549bc657;mcuenwtprajoqgzi@yopmail.com;vyfrqknwlspuj;57
cf4ba3dc3e388d21a95af062932da241;otybfpluqecgrmihjnvw@yopmail.com;skifltuvocjnaxpdhwmy;60
c477fb9a985ef851f96a6fc469b3d280;ixlapvuthwmyj@yopmail.com;rnqaklvbjis;68
8c8f727666e3ab1ca7d7400484a1cc59;idtpcjszbaolemhgkq@yopmail.com;bicydqvguxtrw;25
b1c471deee079f8946c45d583516a2b5;plhzsimtdenbg@yopmail.com;lzrjcfhpybkwmeqxniot;37
8cd32cf1fd4f6d7de7abdf50f7bb31c0;oxurctljeisbhvkzwym@yopmail.com;mrbvcztywsnaufpeki;18
c36084d2693f1c202921835c80d9e3fa;bkijfpuamtnclyv@yopmail.com;wnbsrzocydefulmg;18
f6091d42dde2267a08bef436a77a899f;lvfqdsyrcgwpizbantk@yopmail.com;ohltjaiudbgm;20
ab064f010ebe450a0d749bdbaf2c4f6e;utarnbejdsivgq@yopmail.com;gdyurkjpcahtnviefsb;30
723a9f5de0bdf0d7989f0a51136f9c47;qloecbnfkvdjhyizwxtm@yopmail.com;vxwcjlezkgaymqfdnpori;55
09e15527bc71d63797778c88823b064f;bpqkficxnduwzvsgmhroy@yopmail.com;bprmznsoiyfdqtwvg;66
c9b8faf9256299f2299747c7757db601;ifdkgsevqmowtbhjznlcu@yopmail.com;ecasfkxqjuwhz;36
f85ef24343119adf9c3867f9d8c8365c;axwckgzbyieovldhqns@yopmail.com;mveuxaqfir;39
41c23ab8f301f8762d4d6b2205ef5d55;twimgyvdahqsco@yopmail.com;qtajryivbze;74
2b3306572d9681167173b55295b3f514;okhnxeiaugcwry@yopmail.com;htgubjcrqiwpzy;69
3585f116328e3e03c6824d326503fe4a;intwzmsgjula@yopmail.com;hdvkomfwtejucapqrsi;38
a149b2404d8ca7e170689f036e7b894a;xbhkpeoufltwad@yopmail.com;tfayqxovluhrdc;52
a8c06ab354296e92626272b5fae8face;fucjznmboxrwsviyqep@yopmail.com;fpremloabhjxikvscg;59
38dddf2a063ad01e44928016b841f74a;upxfyrazglwdcviqeoh@yopmail.com;jadbhzvnyeofli;73
193e8760aa1ee8c7dfca4ea1a2da9cdc;njpsotuyzremxqb@yopmail.com;cuxvqewtmfbynoizkrja;58
311c1db2f9bd4c16d85045b6f6666509;npaqdsxzurlv@yopmail.com;hwtczblivn;75
4280d15cfb9bb1759adaef1a578c4218;cwazbnohvepsqj@yopmail.com;rjilmqwcsbu;63
9f0abe7a8cdcad24a10b1a0007a7e739;ctlabhsozjdg@yopmail.com;fjlgspvukrzb;31
04c23864cb216a5ca9bb070a39fe22cd;ignyktlasmfv@yopmail.com;wcbgnfxrmoaihdyuvjspe;62
a5addaf8b22cbb36853ce1087acf713c;defytglzknhvs@yopmail.com;fpjqsyhcilmzntav;21
36421daf2b2d30d16a019d0b37f4f1d9;wsxpzbhulqdmegkvnotc@yopmail.com;sxebrgzcnjqofluiavt;60
09d665a2ff59ad408dde02e209d03a2a;xtiewbfshdmpzynjugok@yopmail.com;wfpjmyisnolkhzetdqgr;46
011b6f00acd99a269752419dfc21f78f;btjvowcmhgrkxuseilyfq@yopmail.com;qnoghrvwlafsuzpkecj;26
5cd14f05d69bd84298742d0f6403d225;zobtefnxchulvs@yopmail.com;oewqvgnuyzr;68
46e8f53a5550bd449cb1c03c7cd3b9e7;clryefxqdhwaikguz@yopmail.com;diwulbasjtykg;20
e78077b28d050b0ebbbac3f8ab16c8b6;uinjdoeqpyw@yopmail.com;twndusflcbjxoihg;61
0ac579ac351caaa86a9b0e5927debe7f;xoqeysigtvkbalmf@yopmail.com;npwlxbhokisrudtyfgzc;31
4b3ffb018f9417b5012db6d9b1d7f1ae;wxfbcognhrszamt@yopmail.com;uscnayzhfgdoqrplwvkt;66
abd4ef75de64c6294b345ff6a3d4e052;ykfvjplnmgob@yopmail.com;peltkihnbxm;35
5bd706dc59ba6985b6c6a929abd836a6;hdxueqpintsoywgkz@yopmail.com;qymuvgloprxsfibdkecjh;73
e91810f6e9e9349819cfa4e2afa1fd6d;weajntmfcloxph@yopmail.com;qvdpoijlnu;38
93cf880923d8026cc97e88a516e84021;phajfvwquritzcoxsde@yopmail.com;eglqtzxwrdjnfp;36
bf998cf7644c598b16da2e504b9c78ef;yursgaetwfpcv@yopmail.com;eksquyhjzfcxr;35
64bd26c741c842199ee7c7dd569088ec;ftqmxciepdsrknwjhl@yopmail.com;mpyjulqrbxhgfeanwscd;53
77b2011edd79e88d337ad811256ec761;kufxwztivhjqpdenglcbo@yopmail.com;qyikbdfloe;22
7c37d6ddfda4b06216d5d957c05c1357;extksocbgfqdjuhpw@yopmail.com;gumjraiblvoz;53
b87d4c09e8f715672c743c7d5360b6ef;czhifwnupq@yopmail.com;fqdvkplyhoj;31
64cebf544e7407e64fda6baf937a2721;jzawubchogntyrsmxkpq@yopmail.com;bptnvacgswzhojyd;52
2f4886bd2d8a5989d19bec131270d944;mopsifbgarvcwedhluxjz@yopmail.com;fqnskuxpmha;69
b436ab2a26aabf8081f62b24ce2d747b;ioklpzgsvt@yopmail.com;dnbwuqlkemtpiyrafh;52
c57709ed6d267faef709b2f8f00b9df3;elabxrfdgmpv@yopmail.com;ozyjsxunwbtmcldha;56
27c3197c8d8791b8a05e9751778e842f;mfgdyqerxsvjbh@yopmail.com;hpksxzwcujqmfgera;31
7ede5e009118f96cd1c5c5295be7d285;qwluemrygbhjdpfo@yopmail.com;reqpkiyzdjuhwxbfl;26
6d97a531369149ea6b3e980cc5b8580e;avcozlgnkertw@yopmail.com;wvobyzxmntiashkql;60
8eef298160100890c082e5d860f0f57b;yxaripklojvuwncqm@yopmail.com;hruseboypiq;31
9db097dfe73216072fe9399c9f82c2fd;ukarohqyglbvwz@yopmail.com;uprinjwazkxdqhmo;29
4bfbd1ec63d089315ba43a72b28437ee;migcysljhbudpfevqwo@yopmail.com;tvlfmbjixwqgs;54
bb7891d31bfe9962d636dc2b016133ee;hleqwavsgzordixypj@yopmail.com;grkznpbyldmew;31
092c8981d666f1390c34851569b59952;hltrgusbcfziewadmpkox@yopmail.com;pwvqgyilzfnajm;50
329d99f4a265d6c0ab848e6c15f7b2be;beoarwhxutkvdmqic@yopmail.com;hremogjvuzyfiaqpts;32
6ac2535a4871f553a47123ceccc1361e;sxkwtjnoiahcdm@yopmail.com;basnvhtwemxjyiplgufdo;46
7472bb3827985aaf144f310bed75d2f5;iloavrptfezdnymqc@yopmail.com;ilcvxejgnypofqk;40
01819095be233481e4f713580b7f21b2;rintobycjphuke@yopmail.com;xmidtkcfreszvhulyq;62
6bd79851015a0cf09d082c1780ccae6c;hywluqajmpexotinbcdr@yopmail.com;lwncpuyaizhmxvbjko;46
28881ff543b7239551b9a4990203f990;itcerxuashkjgwblvfydm@yopmail.com;rnfdmptqhwjlbxace;39
d8a0f1fcc916c094cf43dc7e7ea3bcbe;msdzwoqjlk@yopmail.com;kflpiaotyujxvncwrhms;53
317588c4faa2c02832e4d33811251090;fshnjwvgur@yopmail.com;tzfyxbnqoderpv;48
a5efb6982224a4ebc2f052a260f82258;vmiqorzasbnukhxfjdtl@yopmail.com;gxcdanjtezwmsourpbl;59
6df5d67e13ce6079879570216f5a3009;krangtzqsiofemuwbxlj@yopmail.com;hmiscelapxkg;36
7e0e237e019f16798ee94f705ba978e3;gxlameizkwufjbhytdosv@yopmail.com;iqhbytkecrpsvnlo;42
3d613c47b8c101a3d47ab65a5469697a;yriogqzmcjbafdsxu@yopmail.com;culgtmzbydijpqa;34
4195b90792061d7f811e372e05235e62;jqmikghayb@yopmail.com;grwicmszoknpfby;40
26fa62e2251dcd9878272da36037e5c5;ksumhnvyfzawrl@yopmail.com;ovpguxhzliajcsmqt;22
5638867a416acf4979bf38f8d9f4b44f;gvzfmnjwtsqardbh@yopmail.com;qfymbsevjdkctigzhra;62
55de7a2ba73188140969749c42a41d94;ijpfuakxmwzlh@yopmail.com;xufbkzarteqnyljcpmgw;71
2410dba1eec52286ddcb5837ef30f9d6;fnmweqogzhtjrbdkpcuy@yopmail.com;efnilphmqgdbaryxkstj;52
4776c1d585ccd7f35df19fd33d437117;ozktnipbajquycdwrmsh@yopmail.com;ikoghzqxfjtmnew;65
30e1933c90c98c0c7d1a1d4e77067ceb;irhwbodxgceukpzsvy@yopmail.com;aktzmsbqpxhnowi;32
971f74d7bbdbeaf881429677a60857f9;vlxpwqgjoktzedb@yopmail.com;ypgkjtlufnxe;55
db9d35cb06d77c2c56bb718e8a594898;lavsrtpoenfkgmzxwhqd@yopmail.com;ksfjaquzbotrpelhcgdn;46
adf120be437830d63c51498741be1628;uxtdbgmoywpsf@yopmail.com;oimhlrxvdszyq;28
aa26f3dc235d368382fc40f8b3844b0f;pkrvejzmctyxog@yopmail.com;pvlcqhakerowdznsyxtgm;46
d8bc9355a822e793698797dfd07cd5cc;riyumchlajzfq@yopmail.com;goebwilnfxc;53
6c076dec5ae12262503c7c3fb0744ad7;gryqivxomel@yopmail.com;fyuxipbmotkjdzlvhrgq;66
6d225ed8eb31e540f721cb6fb940f66e;ysgmozilvqcwp@yopmail.com;olnqjhbymspexwrdvi;68
73bd2f9c7a02f32d7dd17c0213aa30e8;gjtapisexdbcuzv@yopmail.com;skreftulmi;74
ae24d078dbd1ef4f8ba6ca17aba6c706;curkqjolifs@yopmail.com;khyxcpuzsrqdijmatbve;31
1b5b3c0861b9a9bcd028a671a0b0a6bd;ghydulkbcnfr@yopmail.com;ujsopevicbzwmxyftgl;20
64d707bf970da8d6ba4c050dac497b5e;atyvhcjzepgmkoxsnbru@yopmail.com;abzrjovdynwcfisueg;40
08746c59684399d8d336cd7abc86565e;zaqiojbkcvg@yopmail.com;pmyjgqbvtwzcaorulk;72
f142e6f08b9985fa3e3398054151e95f;pdqzanuimrhsbkf@yopmail.com;dpqvsxkabemzgluycriwh;34
2ed7d5d5cb56a9b7910a350ee730246f;yexkwnlvpfgbtr@yopmail.com;fhukxnjmvrb;65
593ab9079df85a844a11c02bbed055e7;safirnmbhuojq@yopmail.com;ajtxdrocwimefnkq;49
0c887d8e31051a83f2488b7816ba7661;dqfhxgycjoapnervitkm@yopmail.com;bmutaqvfogpxrdihykjc;52
55ad53ee994463b2ccace739f9ca7fd2;iwxlyojzcuf@yopmail.com;egcwoxdbujspiqzhrlat;52
951fd0af8c14b0c2723b6a9ce7ed35d2;bmjpghqvutzkyawoc@yopmail.com;omcjwtpenh;20
3fb91ed43f256c82049f57630d4ac404;pwcfnymhtjraeblki@yopmail.com;likpjbzaymshngtrc;43
86a58d7cdcfeccd5f06425c908f91b81;ivhqmnlabwsex@yopmail.com;cuhebsvwrmaofqljizk;47
23d442e338a73c602764b0d9e0e95624;svnqcpjukmol@yopmail.com;xbwfhvnjrkimgtyqlao;65
5829cbbe5003bfa96c3ba60969a18780;dtzegrosufvwchyip@yopmail.com;hskanuzftcxy;68
e495181c363417ffe10d2edb73a85480;gpkezxjtsqahwbrvcofd@yopmail.com;jbcfwlymgszxu;27
f4f46d6ad50a7ed49b7952d3492ac80f;ujesgrnyaqtxiclo@yopmail.com;zbrvgpocqwsndyxjmah;59
36fad05188c1d792edc1e9284107f0ce;stlhnjbcfkyoep@yopmail.com;ugiqawcdbmtosrkhzxpnj;59
b70f42a9cc2eaf24f9b3a3aad88b8229;hcyampiqkz@yopmail.com;glzicpenkhvymxa;45
a01bf01a0b8a0948c9cbbaf3d86ec932;srnzafchkmexpbgqjuy@yopmail.com;qmlatcsfvwbyi;43
989e71ad56d50f10b579132a8b386422;kwozjamnerxt@yopmail.com;pxckimhvwaqryfld;42
1f0adec6f5d0dcd515958f43b8064547;wxigvbhseljtnykfdmaq@yopmail.com;krwavqctdb;23
d9efec9c81f2f8106a4ba296ef6aaa8a;mcvkojtzqubdiyrpnxhl@yopmail.com;gcrdzuipkbfeosmqnw;34
4caaab9c4a4f736d03baa87975d85881;pihvgjxdawsytuoc@yopmail.com;lnzexcyofuwmbv;65
279896a0eb0f38b0a109ae71a80f5b21;zhfrbypouvtnkdlxi@yopmail.com;atcqyskxvwnjbdpfoz;41
93139aaf6ad0edbca6cf640d7fd345a6;uendzmrgoatiqps@yopmail.com;thqbsmekpzvynxrwo;66
80d67e25a3796b578d1d70bb613d3dde;wbotqyfzuvkncera@yopmail.com;vziwaoghtjylqxedmnu;22
9901d2caa3ca53b4aef08349221ce824;rvehmulazybfxigqdp@yopmail.com;zakncgxulhfmypt;27
38838fceb2664daba7c9778222b90e8d;wyhunimxrczs@yopmail.com;wqlczvgdtyforhskpib;37
492b4a04d3f1f76d99f638408d5f6904;sylrouqbapfdetz@yopmail.com;rpojtdcvubiqnz;50
36796e70d77f1ecd2d1164551c64019f;thwoizrgpevdnlymxj@yopmail.com;cgobtipvxe;31
2a46e2f49ab1b552c150c008132ad628;asfhnvmpuo@yopmail.com;hgykjmbudipeqtnwf;25
66d666ecc37fa3bf9c000153a9d2b105;zjhkpyfbsvtdwn@yopmail.com;wpcvadyzbtxqmgrnjsl;29
32f8045e1379d7407e2c8b1b41c17261;xepsdjocraugqfwz@yopmail.com;zqjnvyitkfurdg;65
eccc65f6e24688cbe016165b0183999d;lemhvyzxgawpkdsfoiq@yopmail.com;poghrnyxbjkzsauiflw;43
c3f7450124c13122ec1933981238ea14;zmyqwgepvjkbahurt@yopmail.com;axykubwncjqpfeivmhdlt;43
37142f1f7ac026c838f7110dd5cf18a8;dmberftjhw@yopmail.com;nyqhowcidrpkx;75
d35fdffa2052e1dc70cf96e0f44d963f;qatyzgkixfelcvjohb@yopmail.com;vmfteqnpby;27
4385e5e4b15985f838bfab1e012228c5;mluknxwvqg@yopmail.com;cjktfayzsiodxrnebwg;74
3ed5197323fc244e14cb84fff9fa6a6f;prmxnydufabcghqvi@yopmail.com;vlawpjfozhbneu;38
c1057886ac72c8901ff5e51febac6581;jwkqyongaxfisbelthpdu@yopmail.com;wzkxtjgferiuaqmshbl;57
62a7ea9ab36d5e3752a9ccd37db8ae04;qoswrulgkmiveztpxf@yopmail.com;mnklwehiotv;37
e54139c7db87e763405a128a12b98894;ugcpsywkvdqljh@yopmail.com;wnxklbteyga;75
aa4adbef6c59388102d39b5cd1167021;xjtpnhkbduqszfycmlwer@yopmail.com;bzyipoxvhnmgkfretcqwa;72
3d7cb50103a4e322184bdf7dde9555cf;qzmxkcuavybf@yopmail.com;qprnuygtfelkszxicw;26
510700df9af7fc2f97fd6eb0b8797f48;kdgquyvnwmsbixthzfle@yopmail.com;xpvigyzncodbfwahs;74
c362f2e2eeb2260478b19870212ac7fd;sytmjchuae@yopmail.com;cmafodirkyzuhtxgl;48
fb526f340dd83ea137917c7faf958f38;xeqrpsnoytkvaghldcjwf@yopmail.com;zsvpnqktdlu;71
c1a2894b2336e2d3ea13228fa80c1e5c;odiashpnqwfyjkleubvmx@yopmail.com;cfiyxpbmtodekjlarsvu;21
28104c54f86f7434688299961ef72909;uyjvkomeflsgcdbzrt@yopmail.com;wlgzpvnefr;32
428397aad678375782e593752d7158a9;qpxtweklrhoansjgi@yopmail.com;nlhjexuimwpc;61
07b29ac8daec2af48437481975cfd04b;xdochnvtzreisbumyw@yopmail.com;blsehgmrdzyikx;42
05721d69bc3953ab351f8998fec25cdf;tdgybilerphvmqswac@yopmail.com;dsrbucfjwtp;44
6de3ad4fb73e68facc4c0821ac6e4ef0;pnqdugocefm@yopmail.com;rpsnvxtqjmbaclwzheyd;74
38f0165360daec6e3f6b94d575b21f7f;wxvmcareykjqpolunhbzf@yopmail.com;tjbohdvigcqzkapsw;60
ad6378f78c9b0be5b9a4a626bfd8a174;lmfhzbatqiknejuoryw@yopmail.com;yhqdjpwgfxocbienzl;73
1dce747762d4f0899eb0ef657830f609;xqarisybvpgzdke@yopmail.com;abfnwkohsylq;44
a71f30dcad9e881c1e96515a9d64b5d8;zvpsyaofbx@yopmail.com;rdhptflkxjsazoevyqc;53
1f2bdf673782a8fad385aba4ba6778e7;bjoaimxgcsk@yopmail.com;jqpzhmkoag;49
3e3e021149eb0a176147dd44bba44392;qjiybadufhkpz@yopmail.com;manhcrwzujbtsglx;55
394f12e992ec328edd261e00df4b838a;kqahmwidvyrjbtglcpos@yopmail.com;ymbtehailcdf;47
2df2df88dfac930d72f44ac96888bc6d;vbeydfiolngsprqwm@yopmail.com;uiremngsybktfcxal;60
7442a1ea94a42081eb806170b8e3c5b2;tbwlspohjzxukemgfrqc@yopmail.com;agorutwsjmzlqdvp;72
4a4e50c3f86889283a7feebbb927a543;joyzvgifhamwds@yopmail.com;xtkrbpedfqv;34
3c0152d0d2f8d376bab5e847d4ff60b0;itszyjhomwngelqfapbr@yopmail.com;yhxduikaor;37
30f59307ac30179d2f94d67dcfe4a89a;ypjwmfakqxletunhoizcd@yopmail.com;opkfunvaexdybjiqrgc;60
37b2af75e863bcea6d97cfb4f9cf541c;jesqzkgpmrwh@yopmail.com;uyezlhtqwigravdbn;57
d499dce52de672460aff6ede34e2b566;jolemtsyhnikqvx@yopmail.com;afdbguvolhwscqktpnxr;29
d848b7fbc023520334c930a9ed7fbed9;rhxkfljaubzwneqycgto@yopmail.com;cxpeglwkznuibtmjqo;54
5630a04d1c4d27183e7c236eb18677ff;jkcqxusfoglmphndwvr@yopmail.com;rjfaokxtyshbqzwdlv;61
caf11b90dcbed35c7aa6a2a198f93ce1;crmyjfdvwzsxpqekgia@yopmail.com;qergkuovhmjly;24
4b82083ae9590edd3f9e0586eca69265;ygtkxezbiwnpoamcvf@yopmail.com;rhlvapycenkimbjxtdwq;34
f03d9716ea240add27fb92a37d0f25a2;cmbakozyuigrdshwjfqp@yopmail.com;abwzqedoputfjvyxgkrsc;73
1df2fb304ac4debcb4d43fb4a1370ca0;egdcjzywboamx@yopmail.com;wsxnchmydkuaivgfoepbr;39
b7248960e8473ca53a8015531bece390;jdngcfaepywvqirksub@yopmail.com;fumrksvlwepthijogqc;30
45104a3af69af1e64871ade076458c3a;zarjovhspbkylqwtfm@yopmail.com;ygrwivczejsh;59
1367f0598a720618a6d097c192616533;sknltaejgiwhyfrbx@yopmail.com;qogwjpkufvnilr;48
fe06298e6c9d7f0642af1880b583f016;uyqaevwhzdmbnfjitlpc@yopmail.com;mfgalwokbeqtpuysxvj;27
51215118c0571d5f5e9622749f6bc0f7;ypkexnzustr@yopmail.com;yptmvwghliazsjx;51
9497aa386aa8c2106e484351c0bb89a7;fpvmrjtainyzheowcugqd@yopmail.com;bnteasmkuivlco;57
98e8d31c2b2c0b5089e08c2ecd3c66ca;ourzvyapgx@yopmail.com;lvrehkzbqsafjux;67
fdb1cf897ae97b39550d35e7a700c5fc;uhapgvqozmkbil@yopmail.com;stnrdclvyiafxu;40
1c6669d3dc20799327d859c2deec3403;tcmzukwyxp@yopmail.com;xgdvmywjhoau;52
f5da395fe3b7af9cc6aadf1393670501;bsougfaclyjxwtpiq@yopmail.com;jkzqbdhgtmlfvrpuyow;34
13d1a42ba68c65a9b0790c26c29b0e04;rndlskifojmuaqhvbzw@yopmail.com;lfciernxok;69
1256c829265215cd3c92a6b659d74639;lrogwivnpkxtfa@yopmail.com;sxotlngrmbcjefwkv;18
8a2a4ebde1001803dea60cec5b2255ac;uqgaybnrixdeofpls@yopmail.com;ehpdyakvuizswcflbroq;36
5417935d3e72f07cbb6a5535435de36b;gjtdsaxurevfwzko@yopmail.com;bawduiskmjfnhzxpqtev;49
fb26dee40092915614c4d2e761532f07;qkefbmcwlgjatpvyzs@yopmail.com;towlaqumvkznpbicehgjr;49
0bb30853d29c930f1fb11e7ff29f7f04;pnihosfycgutmvdwk@yopmail.com;jhmbznguarostwyqiv;27
ee0b75b8bef5309d56a572ae7a53f83d;kzpclsuagvmbywferqinx@yopmail.com;evaizngtkbrqyjpmsdl;29
92f8b96478f505bc05c0ca8c38c515dc;rvaowmuzhg@yopmail.com;sizmwbqpfoxkycnluv;49
63e216acc3d8bd53b4df7c3d74189504;shriztcdawkxeopgb@yopmail.com;hejxdrlvuqmyzb;42
237ee569167e626c54e11f421337545e;ywxsdhacmfkzpjbvlt@yopmail.com;ocumgfidzlbykaenvw;27
bdd03ce918bc07cf7ebdeb4e101799cc;azlhfvknrp@yopmail.com;xqfpzsjuaimcenot;20
07607951ccb7e1c532f246237a08c85d;xcbejzrhsnkyi@yopmail.com;mnlvzgrhajwtyoqdb;60
c271b12109cecd94413c23a996604b04;buiphofetvlzwgdy@yopmail.com;zwvbndeutyrxlchamoj;61
44e79b4b1d772c6e8a19cce1afa15fbe;lqwogcuardmi@yopmail.com;higpxcdmnvebtkaz;35
e4d8cbe4231daed1e4a31f633a032004;dbxmsekqpao@yopmail.com;jbxtwrchiapflyokqum;39
770902b0c9d074e701b75fa850980fa0;gbfkrjtexyuvqlpom@yopmail.com;krixeznyuwf;22
b3a985e976068dfa94447e51dc48ffd4;dtsnlchwgrep@yopmail.com;dqromupcaszwfgvih;69
a862c31113a206edab9bb85f4eb5f65a;rvxntfzedhcigmolpkq@yopmail.com;nojfqzauekbisxt;35
f213f26009a5b60b23349c1ed7a21137;gdumtkzjbewnhpxao@yopmail.com;suirehaxkw;40
115836b59bb05bba598eb259a0bad2ab;mexpshkrlvifgdo@yopmail.com;hbnudpoktecai;68
7e58ccb32c03fbc66e52db7f269711fc;phqjtcfmev@yopmail.com;wjufciykbavtpdseq;23
24bfdf80fb525d4feba41c5ce95736b0;yvwufoakbl@yopmail.com;jsupyvflxgdtniork;23
715b90fc84c7d8ce7be7d170a606d97f;peucowyvjasnzblqgixm@yopmail.com;cuokfvtqsbmgdwzax;27
a21ffec8b9f50453781f35097d42be1a;ysfzqtbxcwmjdro@yopmail.com;omgtwsdxzfr;66
82785a78eb5e18e745360b6f1a98018d;sepnjbvzhwkytlxgquaro@yopmail.com;aklbsdhyfqzecjt;20
850fd8a4469c63db8c9c5186b6e6cf51;karhdsowznybejcvifmg@yopmail.com;pzfdlvxkatiuwsmobej;48
01802d008b8e9826e0916a97383825aa;ydtrxiuswembhfnocjqk@yopmail.com;wfapiumdkltsvnehcz;34
83105861e822b6b69a466c388df788a6;opmyeculfwizkavtqjd@yopmail.com;lxqtnywszpouekimh;44
1bfb0d86497e90ed37a198809ccd607c;uklhtsjxnmzrocbyea@yopmail.com;thyeczbdmokwlv;59
0336f9d7de567b2feede318f12417aa1;ymgfsdlptwa@yopmail.com;dghfbtjwrc;69
42efef7a40e78f3c65f7ce2c2d371e11;chygtsqmrl@yopmail.com;oayprmzbqvxtln;18
ab9f2761f4feaf0dcaa091c55830c836;vytfqbewrmjhs@yopmail.com;amdworyhgx;71
7a337e20e4cb93f00b81761f3060001a;raftkwsmyhdxiecznb@yopmail.com;dhyzgotucvnji;72
a977e70c7630bb04b3bb0c0098fae04b;bsxcvzktnqiw@yopmail.com;ybqdurslng;60
72346ac836de787ae959b358f880ef8c;ocenuzvawidrlpb@yopmail.com;sandrkyveuwzbxqhfg;21
53e48a12324417fda25a7c16efda4dad;enqskagmivxwoprct@yopmail.com;pdsongmewzbr;42
d6898b9bc950bff15bdd9ad82f36c9f1;htirogjyaw@yopmail.com;cuesnhtfkzipgwjlyvoa;73
780c4537c4f6b2a50f8a83b17cee679c;cnqirywpzdoxkaujs@yopmail.com;paoztngjemqsklyidruwc;71
a5d5af0fcb70eb7d2878f161f6ac6b96;utrbxwcpgfvjqnhzdk@yopmail.com;akyjgbmzqdstci;28
5bf69390b3c6d22e208d980d7d106857;dnasqjltgvxp@yopmail.com;jnrzkotgyfiaeb;52
7aefe8807d3a1c5ba78f7438ee3a92f8;vipgytcjzsbe@yopmail.com;crhwljgeqtk;28
0f479aa911d8bcf0b07f0f9a9e34d021;ceziyugfomjarxtq@yopmail.com;icrvbzohsakxn;47
4ab0a74486cfca604f1af86906e28d2c;gklpdsczutajmfvr@yopmail.com;rpblyescuv;28
8f9a98853316669a1d33a81737883060;xcuwthsjznrybidm@yopmail.com;vfbihpzoxtgsekdnjqu;61
7d87c6c8b83c395754d4cebb4a73848e;ymqrwxpaovtgldhci@yopmail.com;tvsquzjwxof;61
18d74dbd52a9867cf358c96e901dd895;gaxjpnehcyft@yopmail.com;rgyejmsdboaitxpfznhlw;27
bfbe8386b498ec5de5b18e4ac5827405;ipsdwyjzaqnf@yopmail.com;huaxwtepbkonqldfm;24
925fd08a300c4d246a7d20f7f22d2e6f;kfphvygonjlraiqxsb@yopmail.com;rvkepzmjuaihylbct;69
65d1ed5acebc3b67672136f422b3fa69;ckeutnbowpsd@yopmail.com;deaykpzvinqsohxfc;43
539050e43509cb2744e05124f75cc317;zyqjuclnpkrmwedabst@yopmail.com;nqkyoxmeuvpwdstjg;52
33d228069e636b0e0d041b483dc6e4da;aoxczuqpvi@yopmail.com;kgjyqslunwftarihcd;58
6984b45f90b856147b1909e5e86ad7bb;xpkonrgybau@yopmail.com;wzadcprlnsvomqg;58
d3210af7b384d1b059152b2543d4f69f;swgefjlxipnvhcb@yopmail.com;ihfoujlsdm;66
b5d9be895268f65a25192df011b0e6e8;ivukhspdynfjzaebx@yopmail.com;iyoplstgrkwhadcq;36
db2a2b19d8704eff7adb9a23a57fcae7;yeaisjbcuwxhpgfokzmtd@yopmail.com;gljzikbvphc;27
6e43fd007eed4d43f2dea96d6a7315f1;wqjtyvsrnhmbeczuxl@yopmail.com;msxwjqzcugdlan;20
1f6a61dc1939b76196a17b1b7ccf041b;zptoxrjaymebnkchlsq@yopmail.com;pityjagxolvbemqf;27
5b3c39ce30f9384870e26a9346708931;uzvfoebtpqkxhry@yopmail.com;javxzwonyidptf;60
7ea27ecc1ae7d5cf8f8c5d6496341983;fbsowxlrymtagdjn@yopmail.com;mwstpdnvoryhjb;25
4d2dba7be060765779f52bae202af488;ogkcseatqbv@yopmail.com;zveomjdahtqu;31
287f7e04588e3c1c99eeff3d68ea876b;rlofacgdesnzp@yopmail.com;ykjpozrbmadtq;51
a1e8f41544b12c49ad84671c8175313c;aqfjrdzkuchysvwo@yopmail.com;kmtzsdleoijbav;37
db717b928867f4bc17169ab3e6a9edb2;ctluaxjofyk@yopmail.com;eginsayxtlvqubm;42
035eefdb03bab0dc2f48038737d10500;ixmwyrlpobgh@yopmail.com;fyeiargkbvoxzluqj;27
d879ff6287f5bb2c277bf4a9b007aa36;tmejivlgnsfpb@yopmail.com;kvyqpnhoiuzmcwabj;46
4c989e2066e4ed459e5eeac10be3cd68;ecqtgbasfy@yopmail.com;ejbwoizgmpsltfxanh;74
63b9c19f2f1fa0f9f3150fada23f91a0;niophrxagwdvfustzqbjy@yopmail.com;aiokcuhxbezfr;75
5c73f260eab2de6d09e3ae8b4b8f1c5d;lsynhuiqwfgmozjxvekt@yopmail.com;vqyghmfzjsoxpabc;73
af038dc88d76adb1bbe230f77f472582;jhdfimeqnxbowasutr@yopmail.com;fqgdeolwznpcbtvsuia;56
69a412ea6d03ddd2da8cd5a9e5936145;izpsemjntyrqvg@yopmail.com;hwtkzdevrgslonfq;54
db84be2061909780aa050317d9cd3079;poxmcsghyknztbdiv@yopmail.com;siteabhdfmyrjq;40
828a6a40ea11d8c4a4d870a463378666;xpvbnodkrcyzj@yopmail.com;aklsiutbpyfogc;55
b4da520d0ad5861ca5da7c16de9fb535;yslrqoanwtxzivehg@yopmail.com;qkcamdgtnleyhzrju;71
c5e64aa9b67ec152c3f7637c3ff8d41d;rvoxdayuhesmnbjl@yopmail.com;rxfebmqsglicvy;32
cafeb5865b35247f32350ddb674a9e59;dmteiopucq@yopmail.com;xkidcevylwqbpshnrf;69
3e13cef36f0d554364aa30d4135ab763;csrybqgaofhvkzi@yopmail.com;duertyfmvwzloqxghnbi;73
b174294a671c6aa308fc09c8b2a645fd;upjotnkvhby@yopmail.com;ovimqpgrnhcubkztyf;65
e40c3e9efad43be30666c4377862609e;nvyqxhtuiebgkr@yopmail.com;knlyjzbqgs;44
efde9dcfdfa315f74733dba5912f43b6;brjsqtelcaw@yopmail.com;lisubwnfhvgtj;73
bf922336d090a91fe184b36f5433369b;gzdrxjfshikc@yopmail.com;zsxqpwvjgarubthkfc;22
0f83ed4f3adc1aa509823de3303482d1;kdyhlabmczxnoufg@yopmail.com;ewubpvzjtom;28
799bae43de78e809f50391323ae1c591;lahouqycivxnsedpmt@yopmail.com;byucdxjnfgozm;38
f93e548416f62eb4c162ab4f957a7bf6;vryqxajncthmufwokb@yopmail.com;rqyxiwpmcezjn;69
7efdda661533ca23da273f71765233d8;syinzkrpgedhv@yopmail.com;dnglkictpbzjvowqmfe;33
ac36e419cb23adcb2ec827ed0e2a654f;pgwsdbrminx@yopmail.com;vhnzxjaiurycmeplqf;75
5a0d0b638237330ea98484885d9bc4f9;kuidarzfnsxevyb@yopmail.com;hufsmelanptrv;74
da3af4689fb047edee5cd81549a1ce0c;rcqfpsdjkvob@yopmail.com;aclekbxwypusqmtvif;47
3f02c52772611032b36ae58a135a4240;zkiqsxofbptnymuj@yopmail.com;wzfxbukpdiasrcet;47
4bdc22be59704bb1eb430c0b41f10502;xugdpwvrfsc@yopmail.com;ypajlwbomuikfs;43
346edd46d2ae8959f7ec93bd8ba2ebb8;hdotmuaezxlrvfbcp@yopmail.com;rpxseahvbmuq;51
ca43596db297637f8faf81763e08aab1;okqvsxauledhnwmt@yopmail.com;wbhmoqejvzcaryt;29
a4809d6a8791009aaa9e1756c05a9201;govryikucabhsextnfw@yopmail.com;tfmyizgunxrshlkvcaqew;27
381726a49e8399c79b2df69c14e25878;rytwhnulvscgpjdmeq@yopmail.com;ixsbthnkgqefv;63
32e3e1b659aa18780537528876010ea7;uqsbndhtjyewcafxmp@yopmail.com;keqtxzugobpcn;55
fc8680459f472a85f6881e1c59081488;pribgowvdkmzu@yopmail.com;mhdfuyljsnkc;25
2ed1b5f876a02a6df4e400ff190bc101;ypmcqxlfjubho@yopmail.com;ezygctbiumjsq;37
c3560a5aa0391999501635d68b989b02;kzorqpdwnxyuagjhitbs@yopmail.com;gbnxqwatsczdulvmj;40
b122db9a40b08647d74b37b43bd922ba;iblzmxuyvqao@yopmail.com;uarxynclwmqpvsgjiztek;43
bcfe0b59a2df118d1adf7e9f636546c9;wlgqtivdounex@yopmail.com;nqpvjdkmexaw;39
37c29c5afa58cbf1e5e59906218694eb;junwifrqpc@yopmail.com;iglpswnqomyajkhbfx;63
1b384a2665930285522bf83e8c1d9339;vxhgupdeltsik@yopmail.com;vizbnarfuhjgp;36
f7b531065492cdd0018a1d3a9234fb30;uslzhdmnqkxjgibc@yopmail.com;cwniopauzeykxj;20
41b71d8de12e489207e71e5f5a2a4c4c;efjkodagwytx@yopmail.com;ygwrloavezdpximk;20
a635e0f9f3dcc5152f0653b9300d5083;dfbqiengcmxkhtoursy@yopmail.com;lukamzwegjcp;27
c1d72f9f9abd7a5f5a11035f4c85e31a;jqbsmctvxgawuo@yopmail.com;tzrsngfokwalcqpjyuh;24
2fc15b8a063bf2bf8904fa159f85de15;iygonqpadkejlzr@yopmail.com;instzfdmbyp;32
69ef0700fd32ff7743a29e3eede18429;smgutlkveihyc@yopmail.com;hbdmoanzlwfisvcprq;45
2a668257d39a9c881ad8fc02a7f9cdf4;yuqnziwdsbegvcaktm@yopmail.com;brnuqvwdpcaihksxygmj;20
a6323952de2ad95a0c52f393c0e559c2;vmodxhijpzfngs@yopmail.com;ainqkytelsfcmwdzxrh;29
1871d449bbc7864da8dde0a327cb8387;jcaonrzmhkvgse@yopmail.com;qiycflahxudpmzjv;65
69bf5aaeade97df6ea37acda75349a97;yacogpfrmin@yopmail.com;rxbkeshtzcfgdq;19
3a47a8bf151493007f04446937af2b3d;mvxfanhiqydkpwrbztlo@yopmail.com;kponacsqvlxemdh;43
bbcb6a5c5083c4e23872f3206e2da625;xpcmgtbkwzfjlvsnihy@yopmail.com;zqixpcvgfdt;59
f98103cbbde906bd7539733fb9faad49;jubdlmihtqsyxovzf@yopmail.com;nlstzyjqpuad;41
8f56df650d1a4533ac3444bfaba75e99;mehxugvcib@yopmail.com;jcxeotsnpqadzgriml;26
640eb34e6fa10615ce6157294312cc3f;plmftciubwnsv@yopmail.com;jflqvkzhripue;34
c0ff1876669c655fff608b5d45fbd09b;mqgkexosrpizhnlbcvutw@yopmail.com;bgzuilvdeac;47
e4c84ed388cb26634227b18d197099fb;olvxefnahiuzsjm@yopmail.com;humewbpytncjgaoivf;57
81f59cbf6717b94e20ebd9379d980836;zpsnxwafbuejktoq@yopmail.com;zvcsnlhkqpxftegmw;59
cad37c86aefbea6f90845151ae91703b;xzeqjhgfcltpus@yopmail.com;nqrejlxzbg;34
6e4f7defbc827cd1dc1e20cb17cc6305;qcsztyawvplohjikbxgu@yopmail.com;tdkhjgopxrezy;55
de766255d97e488c68197ce9a970801d;fqignpyvukaelwd@yopmail.com;gdmkcqwusirtnjpbxfhe;52
0457200fb389b3be030f8cfa7137c659;tnmeahybkq@yopmail.com;vensgrkqycxd;21
88d3184a9559124f0c30364976fae7f3;yqgbsupwiaejrvzdxhmtc@yopmail.com;ajoimrktpzcexlhfdnqu;67
05dc72779d5ef8d82857405e69739482;fywkmqdaivrc@yopmail.com;mbuwhxncok;45
f6185c317919e68554d3d704fac91aba;hosxfcbuetqga@yopmail.com;yojfrqidkmlnbgxthuzc;50
b7d57e8d4fdd4b1ee54eaf7d5cd48df9;taclgzudjx@yopmail.com;ptohmzsrex;35
038e1e714c6f2157e82ba10790cbde5f;niefupazmlbhyjvqr@yopmail.com;lftigoqzbsuywrncdak;56
76d8bd7b29f5ea4caa1e2ca2a13fcd6f;jqfhakbdvmgi@yopmail.com;aznwymjgpqdcvi;40
98866c5d7a619cec3e478e55b5f78907;bojkguynmic@yopmail.com;ictxqkphwayjgzubvo;29
b245bf278dacc82ab415eaf229cecad6;clxegysjpfivzkb@yopmail.com;ovxlydazbktcw;20
c4d2e79cc43986469cdc82a0cceb6c35;dvyebsuloxpzram@yopmail.com;ykbhgpwomsadzn;48
893e095fcd408998cab1a2f90262dcc3;snariozdkybc@yopmail.com;lygthpvdcwoa;21
ef4fad2277e50bd11214ed28137516ee;tjkhnxfbvouigpqlzdma@yopmail.com;bwheqakopfimu;74
848160c297a1240076d4a90cb81fd0e7;nqyhetdgjcm@yopmail.com;jlnvpxdchorqib;62
a20276c6fc4a0a2ad8277b855b7b1b38;yxrwvskcngmeoahqbjtid@yopmail.com;zcdoupsgqxlmn;27
53a6d15ad0b3ba77e30d21516652606a;cevfujhtaniozyxsldb@yopmail.com;fjgusatxbp;47
93c3c75105611614d52020fbcfab2858;xmkdobfvycwjzrs@yopmail.com;sgzyeuaptvboq;63
de14fdb591d989983724b77df2002830;kanouehiftgpsbmrqwd@yopmail.com;nhdsmefuzylgtrxcvpa;24
5cb74a08c4de84f1a061877ed5a0667b;silnqkutjraxf@yopmail.com;kcvfughoxnewpt;47
f664099845e506ef49f38a96a4f65716;bhlnyforvtxweusmzg@yopmail.com;vfcygimkreahtd;63
9ed80baec8e13a7228b9222449a078ba;gcqrwozsantpmdfukeh@yopmail.com;rkjelqigbzxu;55
26f3190c8f311bf2f90d91c3fe551ea6;ntqokvabdmxrjwu@yopmail.com;sbnfimdghxcq;20
86d7aed9b3ef4a35ed8f59e2fa577e3c;vkaeuyszbtqclx@yopmail.com;kzrgiluhsb;42
8351e215d34add278dfb2876ac51701e;yufgwhazcbsn@yopmail.com;gfdiluocmnrtjhpkw;37
d4fc4cd533b782dde1c2a56ac12d5ce9;patrivnofyzjxbcqk@yopmail.com;xdctlsrekyv;50
10b9f107494160f67d8cd4cd8ce47c1a;kovygpabindls@yopmail.com;zdoghkqeimwnfcs;62
26e2ac70c4524fe11056ca72658d2e09;rsnbgavmpwkejqz@yopmail.com;dfqcatihesruklownbjgy;49
19434dfb8f4525403e96c844bfa1b900;tengbirvolydhpa@yopmail.com;flbdpakrwtyqsuhem;26
d6c9e741841a52e309bb37dd8bddd263;qfluhymadpctngzj@yopmail.com;nxatqurdfy;39
7a0c2e45c793b3d074f414d03f14b50a;fjvhltckyie@yopmail.com;qyxlrdeubtkhp;43
5ef0b2047c104e1ebf51992705aa6840;msqkygztpdnixulr@yopmail.com;aoivcwtyehnqmj;72
22d20ac0d2c6aaa7f6a21207aa2f76f9;kubldzhmpynojgfwes@yopmail.com;adwtmhocgerqszju;64
5ae18839e33fde9d6f80eafad487bc93;djzupfiytslercaw@yopmail.com;zchnsyruilbqg;52
87aa6a37728f47ea3bb02dae08de03c6;hrsntjozqyfuwgxbvaemk@yopmail.com;wufsabgiemlvrjpcykd;34
66b2e33d517a5d058d5fec28d6c8ba4f;jzwoerxafyivbkcd@yopmail.com;uafmcoekdg;27
f9ed4bc486dde9c6d7e3ea8761cce71e;ayxnditwchb@yopmail.com;brgicmnwksatedpyj;68
ed05ec6abe9cad018362ac7b30babcc5;ohwckxnjlte@yopmail.com;mlcsdezwqrv;49
314a2021072bfb4c7a0a7d2c75566692;ximqlwdkocnjgfesvyurt@yopmail.com;rhsvuljfxypomniez;63
7417a97237cb8eb2b83db47ee0d42b92;suerqaplyox@yopmail.com;xkucovyqsgpa;42
877398a7700e35fc3075808008eeeccd;imjznlrohcpfdua@yopmail.com;ythpskavemqgjloubzxw;42
64dfbe4921f91917cc644879205d7316;ozmxhpqnbwcf@yopmail.com;kuawrsethyxj;49
5dca4b5ffcb99e9b8296cbdf6916d5d6;lkzvipnqjxdgfoa@yopmail.com;peorbzclqsuwdvk;50
8fdfb3fc5af51ca6c0c5b067a23ba50d;zfivruhgmajs@yopmail.com;rfgycpaedzultqk;75
41370ec8455fbc4296fd381810dca4f7;oczbhimsxpjqtuk@yopmail.com;nxlgwzpdcihyjaftu;41
1be56e8c9c26b5892701c643f2152aab;sbhvyadtiprejuok@yopmail.com;edqiljstmbcwaupo;46
3e062b6366f299afcf47a93d535134a6;hzyfbpkswcdxiv@yopmail.com;tpgmriaswqncklvbjdoye;46
c3591979b13af7c6165fbe694ddba894;cvbxpdjzyglawr@yopmail.com;bmxkuarcglfh;50
459d075c7cf2b51698ce000fc7e40d51;zbecrvsjdpghwntik@yopmail.com;ktjredzhyliocv;43
b42e02529b8f927034d8514324251cc0;cvknhbesayxg@yopmail.com;zvphwbufqr;35
20e3a660118a22ca2e510742a6352e84;lxbtfvuzpsdimhnqog@yopmail.com;wyqkdseplcia;46
31ced6af2e2957cbb3ab93621d1cfca4;orxkbjwpsaecvglud@yopmail.com;bnjgwquozy;54
a6c0219e26665be7d65280fd61f3db7c;sogcdyxkaljinq@yopmail.com;hmdkcwloxtiyn;53
2ca211457c12b4248b0df22383f6edd5;bczymqhfdxeokwirv@yopmail.com;nquyztwoxelpmbf;63
851e866fdcb178d8d463a654eaab810d;kojghbvuiyzfdt@yopmail.com;aundmyxgfjcoeh;58
455815773a27c2873515dd9059b78b1a;afspbuvoqjgznexmhk@yopmail.com;cvrhmzoeikauxqs;22
148b54ee1b6295b245fd29864183197d;nzldwpoeurgmfkxvbqhit@yopmail.com;htcujpzxwdvl;52
9624912db9f3b6a72e9c2307b121a5bb;wxhcvojalsugynept@yopmail.com;gytmhijrvl;54
a3a689f1fa1a904affae37b048c7bb51;epqsbyfmtozvkxnh@yopmail.com;joktcuzhyd;70
d54fb825d58eafd643e9f285e6b96058;hseftqmwilrxcp@yopmail.com;vsdaomjwrkunpxigyb;38
8c0f5555398392628c5c690e25d4b02a;xltsmjfpgwuhykd@yopmail.com;sqhfmijudlprznygwa;71
2c01286e6436b2e02d6c9ffe54cd16f5;koxjsmvifdytagzb@yopmail.com;inhxvmtjkqpucd;27
7fff732a7b94b9e005051d7e581663a6;lehrajixdfogtmqzw@yopmail.com;ytqbrdaeupsvilwkmxoc;39
85e0c24a73adc32f07de5e1fee2317c3;mtnzhxjycelw@yopmail.com;bzxlawqehtkupyncviosr;31
d2faed08ef1518015b70b7e7267497db;lbfeqcnrhjuwxsip@yopmail.com;ghfsxclwudkprzytiqnmv;36
50c38c5e4731bfe807dc3c456e5200e2;czgoemhvsqk@yopmail.com;pqrxtnfejkbhwgycliszm;74
237b2c176b3d18db903c512a52a1eb8e;bvswajfylhugmnk@yopmail.com;yjdonqhbzafvwtxuie;39
953cd5cce750cc7a457db4e84c5d1b5f;dhzgmuxekq@yopmail.com;ayioxtuczhjvserp;25
60303a627d26e4164c7af69604d72772;lhwvditqkray@yopmail.com;vulwdkpagfsjrbyhz;47
4004642de405035988b0c549a7dcbba0;ihaokrylxe@yopmail.com;ekwdrphtxvnl;60
77ca4767a534fe5cc208089d4cabf56e;ivxfwqudztlykhrbc@yopmail.com;tysjcnviluoa;39
a9e2099c61aad5a425e3e39a8d6be437;oamevxgprjisuzf@yopmail.com;igobnqcprfvzjmkl;70
f1b6f7d48c89c5d1b4cfdf07848f58c5;vrydcxqiulzntghfabo@yopmail.com;vurbdpecfixklmtnj;44
c3b45a62fdbe0d4f76da50a3346c5983;lhyfvxeiqpomcjtsadgwz@yopmail.com;cnqtxmjfigbksrovpw;29
35a655156134a08826aae5f7c5738faf;hrsegpacvqwikuljn@yopmail.com;ksnthdxefrulwyigpmo;47
12fcabc3a24f06935f1352d7ad97affa;inmsulcjdpbyfahe@yopmail.com;buqicevmpakdswyh;44
65c3feea79aae4b7152c9198116fc91a;cagrdqbxuvtpemlfijh@yopmail.com;gxfwimyrvesztb;19
840bba6ea41b11544db32d0ef3f9ae60;ogjfihvesrq@yopmail.com;wnqahgsxtkcef;27
a48c54b1b990bdcdb3f3c3481f855e2d;iptfmynzrduvswk@yopmail.com;qurepzwocnhftkm;46
091cd0d685313d338bbec6b9d4e39725;letkpcyonzfjsvagqhwb@yopmail.com;speazgvrfuljnodqyih;51
b498b67f4f05ae31797ca171290de592;wfcypjavrligeu@yopmail.com;dctqfzunjli;34
041b6ccf93aecc265d2ca9e95fec14fd;pejcfsbmoxtzvaydqln@yopmail.com;krqgosxczntdple;42
708128378958e068bc47348c700b273c;jlgnfwshcibavtpe@yopmail.com;rinoqlkgcyzea;58
b5b72395f4cbb4d05e2c144271ddc9ee;awlvzexkcmjhdunt@yopmail.com;tuvjlzdifqnghaxm;72
c11eee9a1ead254bb5bfe2ee4e4178f6;erfvlicpnhyzqtwmux@yopmail.com;ioaqzmhrbldk;34
afbc4d4696b0ee1e0120eb4fe7121529;cjnvtfhiuzseyq@yopmail.com;qfkpjwrabxmhycstin;47
3ac54da533b5cfc2e697e1104ee9efbe;pieacyjbfhzomrksdxgqt@yopmail.com;dpgbqoecsz;49
b5ec730032c43d00d866700e95f87372;oadnzmlxhkcsvujbtqy@yopmail.com;szealqukhxnbto;57
9f9b6779b2e535334dde669b4160dcab;cojarvfzhxtgwyp@yopmail.com;pjefqkcdobnahmilt;49
a0be2ce5e6fe767ec8717c37b446819b;kajhlxviqgdezsn@yopmail.com;idubhmefsgwarlvczp;46
01d1b6314f0720f134634fce592750e3;wnevapmjirx@yopmail.com;iwndpjxtblm;58
f7b62124cf3ce3f73ed72263b33353d7;gjlmxfanyr@yopmail.com;tsblfvjaomugwcrdkpyex;22
c7d783e02813388febddfd36adf8a957;prqcuvamdzbekog@yopmail.com;jgizqyunskthlxdoa;66
bd168e95cfc5633d0bde9b239f15e6b1;jxybcqowdsz@yopmail.com;gnmlqpevjwryct;67
686b097bd07d55d099a874abf0d7d3ed;dbiqtfronh@yopmail.com;wjyegfsnltxb;51
f95baadabd6985c56435dc2bbdfa65aa;gnldbtyhkjwfpoesvaz@yopmail.com;laumzpjfxicrtdgwnokse;27
b274938a0d09391ea9cf55b66c73116e;mosrtxdknfhba@yopmail.com;grslxciqdbawz;67
ea9211da159d3e68c4781f484fffcea3;vjmbprqwosdilaxf@yopmail.com;koutpwvzafnrxbhm;52
51fb5f9f62282006f6da7777f51f3a99;fgbkqsajtlpzo@yopmail.com;wraolspzqgnbfuedmvi;75
46dc79c7fccfdfe4e6b79db7b9c19cc2;vwespbhkmcztdrjqi@yopmail.com;dnqfgcytrmujhpv;38
fa5aafd89721dd30ff01e3c999ea59df;sumgeotpiabrylzf@yopmail.com;ravjpbdgoxwcm;35
e09bf69e35d494265a728d7bbec1a158;fzagjrcdunxbmylw@yopmail.com;zraytdlcjqpsgobeuwhfk;42
02689eccaca67631efab80e2ff6c15e7;maopqnbeuwgzk@yopmail.com;xpubmsyolgce;54
973030e104b28f8fc8ff67a9a31814ee;nfugwhaeqzx@yopmail.com;cyslnfgbdurjoev;53
5060c2fb16488c06cfc555d97622c301;nwrdgymkaibclf@yopmail.com;mhroqxvbtyiz;29
ec7717a0e0c99a43f2de087e0c4456e6;ufkrgybzntelxohmjd@yopmail.com;auhrlempgfdv;52
ef123410a3eb463ef2ae717d5856b3c4;cvkdbfemrsqjz@yopmail.com;rdyfsmuoph;62
4bef8836c05b0432996910a839ededd4;ufejyzdwipgnramocbh@yopmail.com;urmknzdwtyjlbhi;39
1337a563a5e6d1232421b5eec84e8bb4;jwmxsaezibod@yopmail.com;vtnluzaqcp;46
296b2772fa27d0c9cda9ad9c672b50ba;atvqgyszoedijwfbkprm@yopmail.com;gjupevcloknwizfbtdsxh;26
83a1c817963f49db3f53c6f45e84ae9d;miyxudwtzjgoabpckf@yopmail.com;ardngujlicsqpm;38
f3cd8e7045b84df7159a328bf804990a;tzrvabkcpmxujwonl@yopmail.com;hqcjbropkgvful;61
8d98b4f2d3ef7ce5f90fa6994eb7bd37;uibsajhvotx@yopmail.com;lcudpoisnwajmfhex;38
b38daa6832bf9d568e39ebc6cdb4a54c;xqjmbzgwrvaeopdlts@yopmail.com;gyxbtujsco;25
766377d735edff09eeda0786d4ab4558;gvinbcjyrlpazufmktd@yopmail.com;pwsxegfbicuyhnzdq;33
5458f7525e9a0e0cfec75ca5c439ddf9;rtonylbeghqszjkwdf@yopmail.com;lpqvbfwhokjuedgarc;74
4a77bb975bbeeaa68a4ca2be9134f1b4;yrbhixogcuntvzejq@yopmail.com;zchtrniuejpoqfbaw;52
833173353dd525057c30c4d2469ccaab;tohguabskl@yopmail.com;qvafnsuykbrdh;55
ccd1336cde350f9c29014948e47a29c8;kplvbradstuzqfjy@yopmail.com;bcikonxzsrpltfyj;44
8a6f9321992b4f85248e2d5b2a759aae;xsbirlvjhuqzydmp@yopmail.com;ieytwsvqncarx;22
b471280cd06b8c91bdfa0aa4f48e3c24;jvpdzulhqm@yopmail.com;usdjhaeitcmyklqnzbov;59
50baa1437590bc1fc2eb033c2892d297;ihcaltersxfnzqgv@yopmail.com;lbhnfstrpv;69
30ebac1c1e0036d2ee7627f532d774b3;khuipxzgjvfanqdeybsct@yopmail.com;sozlxuamktviydbhwe;31
5b7723bda755f95cd68e38286bcae2a8;feyxapthvcbgz@yopmail.com;fdxcpvuatnkoqw;29
c47e282a3e9d1de80be78726df8268b9;gmcpradqsthizofxvunj@yopmail.com;lifdemybvuntajskxhwo;26
7786eeac5d8175aa477c935f2224b590;xhvqkjlmptwoeinsdfra@yopmail.com;iowgsnklbyam;60
b145119e2e90311736f5a0229b04a29f;yhegsnbrimwxod@yopmail.com;xmbaivzwypls;35
29af6edb489b6298aad12cf0a3deb5cb;cskjulxzbpreqygivtof@yopmail.com;rtbqfmxgvzhpwuenskj;53
17cb724d79dd875d17593042ead9ceed;xilhskmqdzejbgw@yopmail.com;konsrdcexmhylazquib;50
5ecd72b37fcd875ec957d01f02fd489c;ivnsgrwaplytjh@yopmail.com;epyrbqlwavotfjuhicgmx;23
fdf747b4c8de7ae74d21c4a8710c515b;tkorqepmywj@yopmail.com;ukvfsexqzjirlmapy;72
ea8b4b3ed1a5ed64c91c3a9003fad760;sacvilgjptnq@yopmail.com;btmuskweavxycgplnrhq;42
a8c31b44acfa5c08cf951facbd937162;gjdbiqoltmuswzyaevrkp@yopmail.com;gvmpjobynhrastz;23
05e6be94bfc8fcfb666e48e441be8eff;tqgxlfcadoh@yopmail.com;lqwmordcaxskfzhji;18
c16c9dffcda77c98773423eeacd22e63;qtagjpebcnmox@yopmail.com;mxuztjorvpblfnswyekh;61
41dc26ff4be0345854d73bc0bb9a2e28;jpqfinxylbtskreahwvg@yopmail.com;zxvjskneydpbiwhaflrgu;32
d75aa6d576862bfc034385d0e22c1707;onqjvtkmzudbycxhwe@yopmail.com;tgflevrmuidq;19
901f5f64f99eab2824e13c06e65bc6ae;lnqjitbwzvgysaopkc@yopmail.com;uatdkbowflqsnm;58
5ce43b63027949ecd832b2cd66ff4ad6;uaebwqjotmlkpc@yopmail.com;sedvhxqyaznp;71
1afc9d0bce338958902f57ef3543c3d6;vekongiwabyfqu@yopmail.com;fqawbgxjokpduisvnzy;63
1906fb4d8a0da3bd4ec616f2f5c9bbad;fdptgnyucorxebjvq@yopmail.com;wxendjmzykbqfgp;30
16287239bbf674d9bb8e73e5807e4ac7;xdwbesphuifcktolzjq@yopmail.com;itjdebcxgqmrn;39
e5829f3ced952adcf92ff2a5535713d3;ndpmxgtqsvkhza@yopmail.com;fgkalbyiopdwvtsunzx;41
4db9194dae72594acb8d4c71bbcb3136;cljuqmyari@yopmail.com;namwtrvfjep;31
47d4309bf5ad5bd2a708f320a4b4b659;uxijyowkqvaedbfcl@yopmail.com;ponybjxlraseufigmwtd;25
650d55fabebe3b9abbd9d02966d42ead;namlvwoxcidhfuzkbpy@yopmail.com;enxbrdfoaqlighmp;57
f0e67c20389ae3d1ae23524698fc4d0b;ztbuhksjan@yopmail.com;yjcihemurkatvzndx;51
64c83bb8e75a95cb2bfdb3244715c86c;smtefjgcvuxqlzdobiary@yopmail.com;jlqkxiwuvopdtycgfe;64
cde46c353e7f2997e87b3bf5bedad940;igkftzrlpe@yopmail.com;ghlmtewjqyfriuvadnsck;35
d7189e5efe099ceda6ffea46e73efc06;itdexhlmugo@yopmail.com;yzuerdjqphcmnxv;68
f9e84dbb2794a33e3aedbfba3655576c;cfnzqtdowhklrej@yopmail.com;hjuvkrzymdobfi;72
cd8c6fcf15ca2f71369109ec6c625a35;ecwnsrqlfkbaxuzdiymv@yopmail.com;xtkrhgamfzpvqnsjcywol;50
34f20de5b3045523632928360aaa601a;ntivajebusxflqmzkw@yopmail.com;vwejbmdltisxunrac;22
d30fdb44dad2267669d84f12cfc42009;ublqvryshew@yopmail.com;cluvgfzhybijnrwx;38
6d7e9e849a3a7aed0f28c62bc65efdb2;yvpldsoqmzfutha@yopmail.com;pctvuqfnyekrzw;74
4e81c6942c4bbb5594fa8a54cff659d7;vhpyduqmot@yopmail.com;gmjzytahbu;72
5992f230fe1c4d4729ff19fbaf35e59a;usmphkwtvzbelgxnfrj@yopmail.com;thversgdljbynqcxza;54
3768210aa86db5aed26bae73fff6bd7b;vrthosxybjukqiz@yopmail.com;omhdtsezfuqrx;62
52dfb5cd68ade21d941d0729d7b8a35c;qipctnfzuylbjeavs@yopmail.com;ixldscoegkymratu;60
2f8e65e67a1291e09b095996ccfb28fe;ldfvszpnjhcewomr@yopmail.com;zrxymdjkolhbsuqpgvcn;62
cdbe6efc64fa0544330dda63acb5970e;uosnwbiyftgjeqvhpxd@yopmail.com;pizqxtykrmg;34
ac2dc65f43fe03f69deceac0dd5561a8;tmsjgwqrdv@yopmail.com;oivenatpwbkcgxmrqylfs;63
48d8c70e1b206e62bfa72575d0fe59ed;tojhzbadevgwk@yopmail.com;srxuhywezvdci;60
985b0bebc684cb4798b98c8a9046926d;atcskjvwdglfmnpuexh@yopmail.com;xosqjetkfguiadhyvn;67
c546b33b1f3d8a217ba3f3d942ef3807;tujswirezqc@yopmail.com;jepowsklcrf;28
1965e3ed557cb07a587a9a97208a8669;tqjuakeimnfc@yopmail.com;blskfmqewrdj;34
6a1c663be7bda9fe0becc94d926251af;eqbpytvofkn@yopmail.com;kbjqlairceowusnfg;52
080982318d0a297860bd39b4d3129958;lafvzbmhwqunictskpeod@yopmail.com;olzugnhkqcf;18
164d303e7199b35551c83b85dc4d4a9b;jisezaqdunbxtpgl@yopmail.com;rholzfiautbgmdxpjykq;52
31e90412a5070a7db3454cb61308798f;vgkesrdyot@yopmail.com;jrlwepkscagzqmiuo;22
5095174748d53c955b22644935f0ad1d;hcqoevzdwykplxbrgs@yopmail.com;xzvdbalqgwe;74
c954bd5134da6da81a227f51e3fa2862;krqxzgvedoam@yopmail.com;znkfqodjcyiapwe;49
edc9abf7b27d11e04e65db663dba918f;usqibxlwjket@yopmail.com;jmzrpkstqedoy;19
d76c468a54827b389f0e3c1d2ac9e9e1;dybnqriaxefhswpjgv@yopmail.com;begxclsvayjimou;64
17ecaaeffa11f9a6ed25803317566e57;cfmpbarxhog@yopmail.com;tzxqiekfgya;70
cad9ccf2fd6d43b6e8102255c8fa927a;sewgyjtlfrvmhpzdkaix@yopmail.com;hcaxuqliwkdj;44
7ef3e98fdbd19f82fea4d0484fb4fdbf;ljmtywdeinsq@yopmail.com;onileqcjayxtrbkwfsmd;39
e2d437276be24515b6049c1c2f86dfe2;lkxinytrdo@yopmail.com;itxgwylsbv;69
7a6e5856500545a45fa024823c7af629;vlqwrhtdjgs@yopmail.com;vgaqpkeoxlicmdbjutwrs;59
9c004f9f86bb3fa0889b9f73c5df5f5d;qcarxbpksngzioldt@yopmail.com;mebcglvjit;59
27fbaa051871f9921350dcf63e517ae4;olcexnjmzfyp@yopmail.com;nqbvzopihrsdgueajky;48
e6746d74ba0c87f9ea1d058d559aa5d7;safqbjdmlx@yopmail.com;hpuvkodszfq;56
16579a32d42910909d8bb1f5ae351b84;nqvftcdsxy@yopmail.com;oufqlwevhtdpb;38
cc60410e26dadd293dfc11b3eb163c93;bfuqkwhznp@yopmail.com;uxmbdchyiezatkgnr;23
daa9f020bf07f89a08588d477999ac5b;alinejcgshx@yopmail.com;rwmlhsdjyz;66
850d4ab446177875ea1cc72d50745f3f;fxnaqourpygwbmz@yopmail.com;zjfevywlxitbn;53
7790aed5458125a12be18681c3dfb34d;rkdyxeqnhuaw@yopmail.com;epqchsyojrmi;19
0122a3d81254b5fa6228bb37779cfafb;zjegiotndbalxsc@yopmail.com;mjlkzcbgpunx;55
019811f60e01fc9dc50a825d0614e7b0;cqatzlirdsnpgxbhvwyje@yopmail.com;xoawhjmptibcnvz;28
8313d5ee6bd941ac051fc5bc69104157;tsvhlybunkfwczoimpeq@yopmail.com;xkaifwybnzjvlsgrpc;61
b3f01874c9aefcdbfff0c68a1838a352;bdazuwliomtyneqjscgkf@yopmail.com;jxsqntckfhirugla;25
183765c71b43409e7dc3c945b7a1a8a6;arfigxmwtvzlkocn@yopmail.com;ifpnweoylsadgcv;48
4e09129d3cd9d87002fb2edfc1cd1e2c;clneogkirzvbsadyqhxf@yopmail.com;rczjavskwfd;71
6d29981a5a8c18cd22b8155ee0c2d9f2;iwujekashrncozpbqt@yopmail.com;yiomwdtpcfhzlvuke;26
fddd7d206d4aad285d0724e7eb76b7d1;wehucmnpszqfvykir@yopmail.com;rzfnywjcathbvmqk;18
59836288106ab00e4afcfe0a2fbf9b86;ukjergzoaylfndwtv@yopmail.com;jgyufhsoibxaqnkdvlt;69
4381687acb57b9a86b6b2eda64cb65da;yxhjkdtceurawmlpiqfo@yopmail.com;eykcxjanzdlbgomhufvs;23
8b013c1a32a26220dcb9bb02053acf2d;jbvtsmedklfwpqnycuaho@yopmail.com;yvudgtomnlchwsbk;60
129e733b2bb3e4d689a3e6b582cfc146;yruziklodbjcwx@yopmail.com;dlbniterxuyjvsqcgma;74
f27a48eb0023bd99c205d1a17f907ad0;boyaldcuhnisq@yopmail.com;baziyfmxlejgwucq;27
4591df1db340158270649adeeba1d2c5;xoehtaczkn@yopmail.com;nbaqzkwtmrfiehxpjdulg;51
1a21ca5c7979f1ba6d16c80e8aaf5ca6;ifabpdxncy@yopmail.com;wplkosaynigbzmjt;39
6deba1d0c857ffcaf3cb96d0d01bbeb1;vrisuzogkfce@yopmail.com;zkcvowhtmibjrxsdp;70
360a903ca25cfcfe8a8229260f9035d3;ijxgmkquvzerhcdpwysf@yopmail.com;enugripsblohxmq;47
cf6fddc3439ed2535e17b5a2f4f6e8c8;abfkuowpis@yopmail.com;uimjsfpgkerhqat;67
d94e8d29f2b0d35763323bab1ab6f483;zkxombapsynuv@yopmail.com;ykavsfuemrbz;58
0e6048d40167737be7f34feb9f266882;vsrcamquohdjxengk@yopmail.com;omvhztwsuklnfpae;72
2d87b941fe9b93cf7611e3c19988b8b8;ocfpmwrdeltahkujqnixy@yopmail.com;wxsnvlfympo;42
96c65db4420451ecbd43fbc5905821f8;jkvnymhswabd@yopmail.com;tcpxdbwiqz;22
6ae671e963269cee9b080504efc6000a;ofandlwibrh@yopmail.com;srmdxugkilyctewq;40
18cf910e2c5ea64028287128b97d11df;sulbnqacyjgm@yopmail.com;lufomxknsbhaqc;50
6c014d06de22712435a2bc62e909d9e5;oieslfqnmubthwxkcazg@yopmail.com;bdyftkwsgoicuqhejx;63
c82baaf564b98a8c6eaef5933b9da8ba;kxymgvodsihnqfr@yopmail.com;jeutkoybfgnialvhqcsm;25
99a9ebf4c46eedd11be9bae9f2b3c8e4;qgaorwybpc@yopmail.com;xvmnchgkrjzew;27
0c8e859060fd796095ae7aa0d3ad2a28;mtciufxdoqrgjehwzky@yopmail.com;tkmiepdhgxjnbcfo;68
68b059a0228969cc68778aff1d8051f4;opxcubadiqhtfwszgnvyk@yopmail.com;jhngqdapvuwk;44
fbc497d356707b5a2641726afbd8eac7;dasntkexghbocqfzpi@yopmail.com;rkgwhajonbzxcqyv;44
bd068426a21813acafcf59608a853dd3;jskgnwhimxbalofdup@yopmail.com;xfoqmdscbjinr;49
605f42f40e4e712f5d492005a8d516ff;pghlojfqdsk@yopmail.com;gusjwbylhekvzdimp;42
71364cddf29c67a48a059b05b78e3b69;fzcgrqpymdij@yopmail.com;lzacexnrps;49
1fc47c2d08384cfa067b9a6d3375d61e;ofjcwpegvtumaq@yopmail.com;zkgrwhvpnbtlidqjfxoya;75
6cdc41e3087bf192fd77c7908926eedf;qvkhwxdimnfrzlspcb@yopmail.com;piasbrgkdzceohxmnvyf;29
022de9200203c87bf2d58ac904fdff21;nbgfiywcxh@yopmail.com;zjkpyblhsierwdouavq;63
f1cdc3e4bde72b8b6ca87939732e65c3;pwkuczqiaerdljmxn@yopmail.com;cnwlfehgmpbytsjrkua;57
cb6576e365d28d08f344fbc8f18a4d24;tchrxzkgvbfuqyiln@yopmail.com;gmdoxziqehyswcltvr;71
ffb4293ed1063bf6b65a46a9cf87ed65;xadihtqcjegf@yopmail.com;ywxtfpaukq;19
6daf6156d77b615d599838130fb496a2;ghyqamfwktnol@yopmail.com;agwdmxnpyfihseo;45
a6a603522e17944d827f1ea89de29274;lawhkvfngcqjtz@yopmail.com;tdqzesmyxbw;34
6def3f575f17c7da6bd92ea6615521f3;vyselcphunwkziqgba@yopmail.com;levunwdafbsythzcj;53
4501cf9af69c784fb6e792ed347c92f6;rcuntsyplevjfdamk@yopmail.com;zmiascndwvux;58
9f8ea10c141504d939c1d8863a586535;pqmgveowicltfsunk@yopmail.com;qzwixysamc;44
5980e7b0038890b2ef1dd5c36dd7821b;puvncbqohdswtxjf@yopmail.com;ezahoipwbmrvqlc;62
b05e22cbe66928f5e5e8c72c7acfa4a6;ysgteaqvufzhrnxbli@yopmail.com;wrnusaqzjhblgdtixcmo;53
4984efab6c23cbfea9aae1ee7882525b;xnfgbjoktyuieqrsvd@yopmail.com;cmsytbofgwxqahrdj;53
4f6ef19797da1ad7c4b49610ff2b29da;gvwkdmpshfrqjyzatonux@yopmail.com;szeimaokfrlhvjwcnx;43
ebb9711f2ae61c85e6e4257897b11db4;nktgixhmoabrusjqyl@yopmail.com;fqrcthbmngil;55
94e24b66b36316f9035d4c6ded6f5d00;dubchljepkx@yopmail.com;ufexaqgnpmzojkhwctsil;70
beb726cbbfbb18a8ea7f5f8205a93d0f;hwonvgyxsbjmpq@yopmail.com;axbmgivrpfjhe;42
e0e64b31fe50c634722b22062523e3c4;qwjrcduhvfaeti@yopmail.com;uikwofntpcxzah;24
9bc33bd2cfc7f60daa05fe797a95857a;qnjvxcgakembwipdyh@yopmail.com;ywengiqomcrftlzpbxsh;30
2c550001a0d1c74ab8c6fd675a803565;hiabmowqnsgtfyxpreuzk@yopmail.com;rigalzonpb;59
4ffe475dd1f1a4f9948ac1b02267cfd6;zmopnvfhtsiujgrwyqlx@yopmail.com;anmtcxosheivkwu;42
085df401eabefb7096502ecb3ffa24a9;gnriamwoqkdb@yopmail.com;khpvyungqwalifdbs;57
c00d76087a9190b4ace27fdf7f0cf062;ybvhkdrelx@yopmail.com;giszlvncxrbowmqke;36
7dbaf6ecaffbc13d665731797e96e4c3;lahvpmxckrwqjygtuie@yopmail.com;rfitzkdaswq;52
89de45241eba676fc9d3e8f3a50e36af;jtyfcsihqopedngml@yopmail.com;nmigxsuwkbelf;21
720b3a59bbebe1709dfe945ba52b7b29;lvgwescupkb@yopmail.com;tzqyanrsogkml;55
b7cb83707158e78a25b6f467f26d1347;jfrvyplzwe@yopmail.com;nafwxtjdlhogzckq;67
4920fcd866bd15203d06f64eb7533284;tfwpckmoqsueiabxh@yopmail.com;mtzdujlgewxrbcpfav;22
9d19ad29b33ebd8d761694b5a41dbcd3;xkferponhq@yopmail.com;noilmfbeqgwjxkzadcruy;25
6cd517a68441a46fb5a387185404ed4f;fhbgpvyluwzdn@yopmail.com;uazpginfjtmvkoywh;69
a14e3c8e144edec9243a7fb9a006be02;dizawusqpgntrbyxovekf@yopmail.com;awjenloikvtbsyuzxph;19
4eee5caf82222468f88fb52492be262e;joxwqvaebylgr@yopmail.com;vzakurwdseytbmnxoj;37
6d975078259bfe3dbd2086582a9b51ea;uxyhifwspmzovaj@yopmail.com;noalpcqiywvt;33
6d3296f6b630b00cbfe78231a1abbe00;tyjsaomwcphfnek@yopmail.com;kjslevwpmdbxfuntizcra;63
f50ee01979615bea28009240d70f72bd;atfmbzorcpxuhksq@yopmail.com;bfnduilrzpm;24
43491a1018f1fbd234e9d0ad547b3071;gyauztbqefwmn@yopmail.com;bcrlwpgojmvxatuk;62
359b12e0616b24662ff0543630f42cfe;xtjrcuwgblhfmz@yopmail.com;pucxotijadm;70
c00056d7cf70dcf008e188e2a8ef47d1;fncrvsgwhbuqazyimt@yopmail.com;ibcrglpnqsuaxvemjyz;18
27d2c3fd1361145ebde7ab579c42913f;ygvxwojzpdemskcltqb@yopmail.com;bvqgukjwrtaexmlhnzp;29
37b385f4e18f29b99e8fbabd2d1a40ce;jtvhxelqpducmrbsgo@yopmail.com;hntskvlymxedroaz;48
cc05468aa59e6773d1f339d77a2bac7f;xakmdhuyrpc@yopmail.com;zmtdckgiveyxlho;67
e57c78d3e3abff7dcb404f7fd2854319;gvohfrbmnl@yopmail.com;sjogtcwxqyhiz;49
1c39462377f06c6de2d72f383f2527fa;igcqdjrmsfxw@yopmail.com;hmwgucpezxbiqvtano;53
2a48588cf1bb05c97fb55f38e62d947c;oewgmzhjkcqudyinsf@yopmail.com;ytsuzepviknxmw;53
f03fac12092c4163029709e884175014;gicjvruxdqmnaopyfwbls@yopmail.com;cvropebgjznqsaumifht;53
73f13b16e43c6cbc2d9f1e1f68bc800d;qxwrckoumdbeyijf@yopmail.com;iupkcawrnme;69
2127cc6ca90a1d689cc2825ef0e2a72b;tkhqbnsrpczoudvflxa@yopmail.com;lnqeszhrkdafgtibvcy;45
eda8cf2d483c17fc33b5862fc9b791ee;zjfrhqivpbgcnsu@yopmail.com;qmkhbeduly;61
095aef7b7f9f2472a369223d34a72443;dhkvptyaeuxnglb@yopmail.com;wbtnqhljer;58
f9bc82b8354606c1337089c6ec673cb3;vdikjzryesohnfglbxtq@yopmail.com;sazufhbrqtwv;56
e36cc5bf9e02efdd42ffd6787d7acf25;xayomhitkzrgqcwdjlfpb@yopmail.com;skecmfnlyjw;67
28108b4dd106956fe6cb334a6ff14bed;bwhxudtqarcpsyi@yopmail.com;xjrpvswkhbietyfodgcm;41
99ef9fb4936b4e126d55ba6faff6debd;gokuqhrjvl@yopmail.com;aoxehjbfspr;25
aee91f26b4ebc0b2b28eb053621938f6;codmiplqyxazsvgun@yopmail.com;oevyrqwgtpfnxsuimcl;55
c6cc9f204746aa995b3dde33a6668aa4;tujfgobzsv@yopmail.com;qyfompzxjceksrwiau;18
67f47fd8fc5ce908c44fd68be96b8e23;rdyvcmgbzjnfixt@yopmail.com;gspteknzavmohqybiur;46
2a20b316d8916ca6dcfc39351fa9b2d7;dnlvepbixshqtrjofygck@yopmail.com;jbcqnxmrzdyhtvuegpw;75
d6b8f1a7553afa676d8d3bb2055cdd51;kybnjrzwdpixah@yopmail.com;lnxjyctfevdgzk;75
6ab2f354f58d952027a2fb00638785b2;shlazxpderbymgncqiwf@yopmail.com;beivqgkjmrtulhyn;54
fdce9780979656f90a00afa872c543ac;hnwgdpjuyscmlebx@yopmail.com;etgzxiwbjkqc;60
044fae77dfb93666df22c78280fae874;pjxzwqlvonfkdeagcry@yopmail.com;gesrfjodupylb;70
83a1c8baed0e8e2b8ab0ad28550178fd;gtjdxpurbhiwnqozcsymf@yopmail.com;mnjhugboqta;48
86e1bb2d7b69dc1af66f337836108976;uzvcmiloxgwjq@yopmail.com;escfolqntaizphbumd;56
bb818f808ff995b082139330690ff131;yfmucdrnoihkazjtbl@yopmail.com;fsdkujphlxnagrveqcomi;72
70421fa5ec174eae121a0c24265b6eb1;tzoxqihpmblekwsyg@yopmail.com;uxkjvzgpmofdctqbhlyws;34
c3d2cac3ac6750bc1f793bfe98db57ea;pgcayxnhwrftbqldu@yopmail.com;cwzatmdnesj;20
6a5b81ee5e535e82328fd5711f708a0c;knebrdycpia@yopmail.com;qzipgarkublchdmw;68
73f738ba509e8f8e0a44cacc9ff4a084;mlonzhapyfqrtkwdbsui@yopmail.com;plkohevmbx;44
74882d04c18fd7a886565df987d22c48;tlazhmoqrifksjyncbdu@yopmail.com;tqwsczyxphuvlojfnebrm;26
8489901fc6bc9c92d996574b9a3cb359;wuhxgnemrskbtyjipoa@yopmail.com;wdqrbtonipfjghuly;28
3df899cc3de6a294a4e0cea549cbcdb3;frighzbxukowse@yopmail.com;qsjxifmzwkduayn;55
948be7a1b38880ffc41242b122eaf4ae;tzrgapvweyoibxnf@yopmail.com;qkcrbfwaytoux;59
b75f09607c0a535fa0c310b6773ee19a;gviznahkuydlbjtrmcpwf@yopmail.com;qihambkjypocxvfedl;42
a5a9b560196ba5534e7a3f64e43eb5dd;hxdfanluicvro@yopmail.com;oakqycdshxtbfpizvjeru;39
0c486ea5a8ca92f467c86e0486714bd5;alvpryhxickbmegjtz@yopmail.com;tmbudveihykroa;65
9c5dd98a2caf401ad035ca95374dec20;konjredyaiczx@yopmail.com;cgrvunjpzhmlayb;30
d075a2357570cc5e6d889b626ee163e0;bwthjnxmouvlskadq@yopmail.com;ztoygkqulpd;63
2a332cd4f678bde18919b2a38282469b;mfluodkbzjyxpw@yopmail.com;bcltoifqjvsy;69
bc3fa675d49a16c51e7b3ee123f71755;hytwclzjkm@yopmail.com;xamehctkoqufvbgswj;63
df7b768aa6e12f0baffe763d82282462;lzubqifwkyocdm@yopmail.com;rhlpeixsdfb;66
54b48d153450e4b3dd735c3cc4160914;kgjuvqbzaesdowhin@yopmail.com;aiwucgtfkjvl;27
fec5962e8d4940d281f91a7792a97459;xiesgqmdrnthlzjc@yopmail.com;sbhgtvjwckuqadylxp;23
87e27102b98077db7254d22b16a2cbfd;viqtjsfwdnuprczbek@yopmail.com;rodscvuhyqkwfnbxjle;62
74fa09a26893184f46df40c6411d4f41;namgzdjrvlohwk@yopmail.com;sijbyerzotun;73
a850392b8e96a3ab9cdfd6baea6fbacf;uencyjtdairbwxv@yopmail.com;tzulexonjshrkfcgapi;41
2e84356d5479e71627a50fb6d37a3cc3;xbundftcsaozlm@yopmail.com;utmqgocvirnxdabslewf;34
c9fdebda3a7acf0e5a47aa4bac07e04c;ikjslyugamwphznct@yopmail.com;vnjaidlkqrmgb;53
d65d58d2a7d64e62e1e8d44f449277e3;xbsgojfuvyhawpnecmkdq@yopmail.com;dynceofrqwa;41
08f5f76d4b904ef06733f4986d1fa90d;vztyefshpm@yopmail.com;sxhkzfqujlbvwpdty;71
79dade58e79ddfb2b9e07822f853f7de;ydkavowjlecmp@yopmail.com;tlroaedgnzypq;22
9bc91c329d02c5875588dbf322baa840;rtfvphxcwkueqbldszjin@yopmail.com;hksowpuqabifgcydtrl;52
f55c9bd696a51aee51a526e0fcbea717;yjsxkhpvbnugawirc@yopmail.com;njftuxwgaqemdoy;36
bf07c27a2e9659dd78d8eda27a3922c0;pucfatonrgxwzy@yopmail.com;fegoqrzvdjhiwlktpx;31
12dca74ef5c5f5df8b31228ed948d3fc;nhqvbjzodw@yopmail.com;oergnvtaldzhc;46
125463a2d282518a48a5e29d5e0488f8;rnsqfuxtwiaecgbvo@yopmail.com;idrqlcxnbzjpsyefmh;43
eaf1c45ae50c76797847e173d4b09f95;oaqdpgckbf@yopmail.com;wipgdcskmzorxteujv;66
9bbcd159c38c78af797090f6a98b304b;pzktbsjqolwyiaend@yopmail.com;pxbcsdzgem;20
91f98c6b85d4f67c134bb125b61af3d5;nbwizgpstqaxvj@yopmail.com;xofrhlkydiuzam;22
a6fea9d82df75e8c57dbec7aafe533c1;gdlhryqnpzcwus@yopmail.com;luhwdfpzaqmjcibso;37
4c3892a1a3dbad74be118ee73f0dcc3b;gvdikrwcotpmesjyfbx@yopmail.com;rtljkmipvs;67
17c694d915ad7429c7d1b47336ce853e;gzyeilqfshokuw@yopmail.com;ymxbkldvaeswrz;38
f774ef4e2bda9ee77587185c8441dd6d;mqtjrodpkszwbnugevh@yopmail.com;eajmgqifxyzb;59
d62145da95cad40e860bebf9f9661e51;enrjmgbfcodwpzyq@yopmail.com;pzyaroihgsjdquvt;68
20cbcc75b7cce3e40880771f74cae4fe;ixwqfmrpdcsuhjlzavb@yopmail.com;dqevwjrocgfmsaipxuhnz;54
c9e65393460e2384eb381dc98f9eeb13;vetzdfaojyhxsqiprwgl@yopmail.com;epcgbrnwjslmhayidx;68
730030f2fffbb54f4a3956f2eece8424;xqcipatgmhoj@yopmail.com;wfbcvaghlxde;22
b18cc210980dce19c9f698b6e431e92f;ulrjzotechvpkbg@yopmail.com;spgbmxhlwjyuzcrq;42
dfa49c16a9d85b6f805cb1cdecea8033;kgihydbswaptfzvuqcoex@yopmail.com;yfklhtrgibqdsoxp;51
5b39921ee296dae20f936f777e0e526e;ihxpayebsvjcfgtzurw@yopmail.com;mjclqekrgzybpwvoaftn;54
40bf94d6f4570efa997eea80ab7a2f91;wfximzjdya@yopmail.com;csylazthidwxvjpnm;45
9caff9e487ca6130c4cb3e0ec0ff14d6;exakvhdntircmlgjboqzp@yopmail.com;ljeykmbdpsuhcnaft;53
ffaf5dfd62c863628acab56e71435104;diwonzlmyfsatkrjgpeu@yopmail.com;mozivnapgx;21
175c621855e436d0887549f885f3d530;zflqhsxipjtbudkoyrv@yopmail.com;pwicbhfgaqs;40
1c73826166a421e28b8dd6d091d9162f;jprtbkhwugqdmec@yopmail.com;eirfzgjbykqtuwh;55
f02d67d77ea355a083b09de47944bf19;skjifagprvnuqhdcymwo@yopmail.com;liajgfmqcvxthkrp;44
33d56e698cdf1bc5c9d6ea6d2b1758f1;knjyfmptalsbhqic@yopmail.com;fzyjvsxhcrtaugnpbolm;20
ad8454fc0b4d5832d02c641c761491c5;sjgtxbvpldwrchomfkqnu@yopmail.com;boyrvjaxklntqedcimuz;21
120d73096eae7e020a7a4e5748be04e4;ormpfbqgwtiakhevjnd@yopmail.com;pnbauzsjxl;42
a9ac76b4cc5b12c25858c2bc9a4e3b24;nzmiqhcoduv@yopmail.com;vyciwkprsuezjdafqm;55
1709a4477e8006622b89033e42aa5325;jnfpmdbuyivwzheocg@yopmail.com;ctkvorxyemdfghzupb;48
71a55db4e5d1b3fbe2762e3c1147925c;gcsdlxfthbeozq@yopmail.com;zpgarifwuncedvlxok;48
84bc50116c47ee63cdef8a524eb1b85e;miwrsdxtvlecaboguzp@yopmail.com;pjhuwyifcm;55
258b13abf2a20d59bbb2e9e581fff527;ojcutzxqnfwd@yopmail.com;oktqgiyzfmwdn;46
9d025df8e6c083e76cc39450bbaf38b5;qoxvgtejmpriucdskanh@yopmail.com;smfowxegvuzayid;41
575d0f02f44d130ee6344d6f1511c0ae;cgduznbvwfael@yopmail.com;ycvhazxrjem;38
d2b39ce8fdc9e3dd53b1b1e0b0dfa41d;lxrdfincpqkvgjtewhu@yopmail.com;zpifkvsaecydtrjxhnowu;41
bc68b034cf95c9767bd1cb0688683cde;pziejlhofuywrxtqandg@yopmail.com;ztofsyjbkwxqrigcnulp;26
61d5869d66b44aa3dbfebeea361bc34b;amibdnstprklzvxhu@yopmail.com;vlrbkjngquazyfxpm;36
308053b36c05e35375e36d9a7323f6b7;nopabriutekvymzhcglwj@yopmail.com;ygvaefsjrumzonbd;52
a6bacb40e085878c6092ebb1f3367bd9;hmwfydcbtgez@yopmail.com;fangbxjdrivtqpk;35
764f969a8e3f05cd02153824a645e233;pdrzuobkalvwyh@yopmail.com;xsmdjprelbqchinu;21
7a3174de34beb009b81927046ca07ab2;wjkyaeqrzgpnmbhi@yopmail.com;kuahvicjofmrpbe;26
fe60fc8f532cfc1c7d9c37451dd5597d;ldmxbgzpvyweqtfa@yopmail.com;kcnziumahyw;62
8b4d0ee4752597bfe4887d8bcb1f0373;cuhysxkjiblznwat@yopmail.com;ojgibavhrzsluxm;75
445ac682585ceb75c86b2cc8ad66d60e;vdwaeptumx@yopmail.com;pgisbladywkqjfeuohzt;74
bf5469c05bb24eebf0f958daca99c05b;wpgoxvuiztcbyhdm@yopmail.com;ponbhtiywx;57
1235942376559910ae24751b1a6bade5;rxzmtpyonkflchjgubeds@yopmail.com;jutwfxonprclzsmhyabiq;33
b9539aabd70e4c50e6a9cb34e3d6787e;bznuqegmwrodikx@yopmail.com;wqtynzmfsioaucdgxhbk;37
03b90b5eef922934cfe24dfb7b28d272;lfduavchzkyrebstjqon@yopmail.com;omxpgviwshnaetjrl;64
20b3ce94e963a6c6c1a83ec3a231f14f;suqbhjzmgetwnr@yopmail.com;foghqyscialevwkbmp;29
7a97cdd5f8ab95ef193ee9c5251687c9;hizksmjeoqycv@yopmail.com;hsveumonwrxigk;72
23a4fb05a44192c3f8bae208a342f5ce;omifjupwdtz@yopmail.com;zenigtyujbwraplxqs;18
e96f6acc1a62acbf131002517a296781;pyxfibcewaqldgmzsro@yopmail.com;rtpbmdoseihlwvycqkf;64
df898fe6f9ffb01837e32e37dc7c7e4e;hzwvcbyemjrxsdqigua@yopmail.com;viotzjxkeqhysnldc;26
7b070693acd12c1af8fb04ce90959db0;aqlrcxsktvdo@yopmail.com;ugserowyxlij;70
de24b651ca450dab4f3e1b0368bb16a3;bwtfvpneaudqogxmrlky@yopmail.com;cqawbpotisfzduhyng;70
ea5957c73055e94ba0c41169669d9ca7;mbhoqlgnpywcjtsievd@yopmail.com;niwokbjchmdpzgfulxqv;67
a469007e10918975852e030c831f73ea;uwosgnymhblpvqz@yopmail.com;ibtmxaolfdkcg;64
6257ab60bcb2ca19ab04f297c14e6744;ckmugrqtsnwoehxz@yopmail.com;puknzcqbrosjmlwe;60
f7686b5fdede4c88f4c045f2b6cc4671;jcafioyrmluzpkgdv@yopmail.com;ontmkzragsiebcfj;29
669c8b6eb062b3f816c255b5667dcf4e;jyqwdhaorlfesbxzu@yopmail.com;piacsuhrovdmj;37
87d93a894d8b2eb4f22fe2800b08ac73;athrbkoveqglyxfd@yopmail.com;qgcjdvmfizbeaknxopsyt;51
c070e6290dc06e00ae505c1497f05ee6;srjnepwavidfc@yopmail.com;ndctbavweqk;73
201293ad5b2299aff638c3803d184882;wbrjqhatmlokdeng@yopmail.com;nijcdwvlarotegq;19
e9aa3bec1bbb6bd41e9d0ffd039ba86f;ewxqsptrumacfdly@yopmail.com;gzysqxofbmkphjd;68
55e61dc227c9c2ef4895b47fce0e7572;gpxqbnaecdjyirfkm@yopmail.com;kwisvjmzaonpquclhdg;53
2b2169b66944ecb9f93af0d358fd3ee8;crsafvukwmt@yopmail.com;vdgcexfaunpytlw;46
b71ffee050c5fdeafcc31e656a8ad1d1;mwysknzptijerqlbcvag@yopmail.com;pqrtgamfis;56
96c90aca36c35979952488d92ecc9fc9;utocemkshxyfwarznq@yopmail.com;uofbpcgwex;34
9190a04721b2e91bd3d1a4a2df8ca1ba;muwjvsoxkce@yopmail.com;dbeczwlyofaxiumhn;44
ee8fe3219d245a4c16aed3ffd3e49ae6;rcfkswgutv@yopmail.com;virjmobzxthwcdypq;51
4066ac08a5f155201a319239bf6243c5;whyxtambnflkrqscudeoz@yopmail.com;knzlcyhtjigesbmp;59
36311e8d85b4cccb860f6194228106da;aqybipzwfslnjc@yopmail.com;pbjlmurstickqx;26
93532049f063482609105111fbb5bd43;rbdlghskcq@yopmail.com;glbhipztoqkjrdfmu;22
025af56e666ccf374d29e7eff147028c;mitbpxueqfngzckdy@yopmail.com;cjuogrfqkimyhxpvbdwz;68
e5f9e4f7e325a61ee79476a86c93e8fe;azlhoecgmprxyqi@yopmail.com;gklpobdwxnviy;44
5fdd161c7a4dcced71a10b890e5678fb;wjhqpntdcbulasomgexvf@yopmail.com;nodkrgywam;25
78ae424e987db5d7ba4bc7566189a4b7;flpxtqagryznkuvbdme@yopmail.com;flthdmszwujra;45
94350aca1f483fb350c7a1706069f44f;rqhpdtisezlgmaukwxovn@yopmail.com;kxjovftcwzde;37
54d94ecf91141c4e6c87a05b2e6b8df9;qotwbdmfkjgnuyhlvs@yopmail.com;epsqdvwloxibzjchryfm;62
c3e23c1dd58316914cd89ee987fe974f;dyogitharfqbpu@yopmail.com;uzlgpnjsrvfwho;18
022dbed8f6b2231a65a5db5875a80cdc;udizcrxglnvjt@yopmail.com;epwhvstngrj;66
bb5bcb6f9ecd1284b3b471779c099918;oaygmnbfep@yopmail.com;pdnorjvclzbh;42
301692aa5ff7e617fbf342be530d8a8d;sraylpqiexfcndmzhj@yopmail.com;ozjhemcqkglnuiwfxt;55
7adce1c37065bf471e39b403e36b6139;ozmxjvlgcrayheitwfsu@yopmail.com;lrmvwueaojdkqptz;26
b75c9d72beebb1eb7ce494c898138130;etlaswrvzopghudfnqciy@yopmail.com;cyafpsbjlnemwkzug;68
87ab507a3edef35201e7dd8025b0bdb9;udpwzrhtvsjb@yopmail.com;fkyxvlipjwh;26
a22544d59622aa7ca9a6b3ba8e71df73;xtygqpdkmrnac@yopmail.com;quwpntcedfbjmzlriksa;72
1033ff513a6d87c50c71d20ece2d8b22;cvufgdzathipqbelyjwx@yopmail.com;hiownbyfje;42
dee71971a8cbeae7e0190da285cfd2a9;ylavmsxrjcwikqueofz@yopmail.com;gzmitrwdjb;49
d4a9b574e8bb3d9ecc2f6d4a96940c63;napsdxghmcbietozvruw@yopmail.com;gjqwzviedacrb;63
07ddbd4625f4b0e38c054a110d90b2ae;rgclvsjhpiwnoxdetaq@yopmail.com;hnjuiqycvrpams;73
4540190cb90b25ed6de2a7914b4849c1;rsghkvzxdpiyow@yopmail.com;mbnckeoladpuvg;37
86855d0a8a7e6cbdd60218f468d82840;quwhvlinfzmpdtksajbge@yopmail.com;ecavjsypdxgfrzhbi;37
cf749898f1970410e98a6dec735a8829;szawgqvptliexdnkf@yopmail.com;hcpvytrjnk;45
2a0ad8ba063932b25ac000c61178ba0a;dpajvfzwqsymgchixtubn@yopmail.com;azjeghmcdb;71
1f381903dc4e0dafbc77999790d778b7;remypqwiflvszbdoguxjc@yopmail.com;oibvmdpkcqsnygwe;72
8ad03518df2593f022d3af0c5e193ece;xywvkgheispomutjrfz@yopmail.com;qjhicotzuefyvmdnrkxg;34
3aad50a84d3607242e75ffdfae025d56;wpvzexlginamctdoqfu@yopmail.com;dirvlcxszowugymfjt;63
c5c0e8fb4318f4ed05e431aaf5a81d2f;tfoubwyjrnmvlah@yopmail.com;ihngbxwdvkpycmrsqejzo;64
9d17f8ea809f7a9979b01c26a71d99b0;slrzjdvntcwei@yopmail.com;bcmkotlyvqpjhr;66
6279130d0e6e9ad95db6fe3cd81a2a39;xovfqhsydjbgrmiw@yopmail.com;vwbqfsezximp;47
ac595d8299906eaba32d693594c71748;eqodtiarcnxz@yopmail.com;anrdvboiqgj;26
467a5a1fa3b1f755989492ff8744b944;uwxanbthgkrfdiyl@yopmail.com;suqlgnwyjdkcazovetm;56
2258198432bcdc64abc27f137bfdff93;ldgocztkns@yopmail.com;imsueqbltgwcxjoynzk;45
412aeaca9cc1d488b92180265411899f;gsoahywrut@yopmail.com;fjkmhybitguwpzcsa;22
21cf6d341542177828d0fadcd188d01d;bjuxrdneio@yopmail.com;ikrxtcvzohnlmwuabspj;45
1529e4cdae2189a9165932df4f78b44c;vknsdyojlahupwcmgtf@yopmail.com;tsapbergdmhxz;75
16f6a0c59d6c2cadea5a645dd0cf5807;xofrksqgydpjazun@yopmail.com;xshrmjyeatpvqunkzi;27
17f8e64bbfad09d6ffa428b1170f9aa1;dsxjqvwkhcmnpobeuzyt@yopmail.com;nmrsebazwyth;34
76aaf2854549c7e52534f99a2fb10d93;qedvgmrboyspalwnhcfk@yopmail.com;iqecvrdbuphwzxktaso;50
61f76d0ed4303e7d63077743c59f140d;yqixshegjfzonrbv@yopmail.com;xziarwkflembvjdncyot;37
757979046a3b2ed3a5de031c43a4c35b;ojegkncfmhspzurwxy@yopmail.com;tsqyjvcbwmiuhdenlro;40
b1af68c0f036621ec50a0a25ed906a58;kpsetcbxomawyvifzjn@yopmail.com;aimfbhlurv;57
70f6f9ace7fc03e58e1fe22e53804a7c;zmpucsfoxwanrivylkq@yopmail.com;ohemiavtdkn;58
3bbd4ccf82359aaf209de5424dd0d65d;srfhjqpgovbyaunikzew@yopmail.com;znxoisvbgeclyfrpd;70
e52188c55c2d6bb94a23a4a889e2822b;vtichwxlkjogpmnfzba@yopmail.com;vfoighemljrwtzqpusyx;23
e535ac7cdda01977fad9427a4e7429f1;xcozqtjvadwrsnugym@yopmail.com;yrbhxqigjslpmtko;26
20f592524ee298ef9d38ab9b0f024e67;hictxunbmso@yopmail.com;gviltxsuwakperdb;64
633a987799d98ce9729e9c030db8a268;fkzaxhomtsijlbgcr@yopmail.com;yatlsjfdwixbepk;71
b689105e2de4944b827e34a4f6a8dac2;rkpcjgnydezs@yopmail.com;ognkurmelc;75
1772999ac9ba15b9cc562728052bbb58;wucjdesyngpzixhq@yopmail.com;ochldtuvfs;26
a613b89225f2a344991153153d4cb633;todwlhzcfe@yopmail.com;fparuvydbnxcto;56
773247129845e0cbbf3860399f77992d;izuspmveawqgbr@yopmail.com;hwrzumbtpvjosed;41
12df7d42e4d37500b9a122a56c330f29;olegjaryftdcnz@yopmail.com;sgdetwmfyk;49
5ae7cc354d676133e5c57eacf6bebc91;biszvexwhjagrtuqclkmy@yopmail.com;wbdfzrgqitklnsymopu;62
0d9481ac7eb70f418ed918dfcd457910;tikrezyfnupocqbhga@yopmail.com;shygnzbjlw;20
20c5061fb7e99f95e2f85639060f7a72;uhtcropfxeg@yopmail.com;uocvkqaydiw;40
fa1c74e15403158e6e6ebaf926e6ccc8;vjiabzpdhrcuglxmqston@yopmail.com;rofbzjngkdl;25
6aac9f70813a3981ab04a9f67d8d6978;boziyramwsulvpghtfed@yopmail.com;lqbyzoxvjkceguhapnsm;18
46089a1adf846c80c2766b11a0b41550;evxzadhrgl@yopmail.com;jvqtkynmrluhos;34
19fe1d4f6dec625ee89d0222d8489444;waqodpmecxfiy@yopmail.com;hdtvxajkulqreysopimn;43
0caf3977968e5c290baaf09a8f17295b;isnbgtphofqxdury@yopmail.com;qclsjnrohbuxavgdeyzpk;49
70903582368814503e7eef4003a343aa;zcjbmtxneqiksga@yopmail.com;etbrkzaugvp;24
3cae843e52aaf295a814d988e3d7bbed;asqgzfpkdbertnmuwlhix@yopmail.com;fkjexpbshazlm;53
bc2e56972b420fe608b62dac2dfb0a4b;lpsjmaqrnkcfz@yopmail.com;beamghqoikvz;46
45cea7553937a68d5ba61cd30f5d6ed4;lnhgkrvbpe@yopmail.com;hkpwgbrclyusodjxt;25
17294c8682a831a1905455e15d8a4158;zdolbrjamki@yopmail.com;ycrgjmtkvanpfld;57
8c5c6bc09cac0188812817a4a885d85a;zerwoucfiadgqhmyvxns@yopmail.com;tmsxkvpuefng;20
36f9d27d84e8d2b2411d5080bcf15df8;cdnpkvgxzqitofm@yopmail.com;adzvmehicupbtrnksfjq;68
28a377e2c950afe8f14fb03fcf463cd4;intgjywmhuq@yopmail.com;pirsuxlnkmvfyoa;21
c14e34224295dd448b8f7d8e2e2848b9;dfaxnsiqmugk@yopmail.com;itdojalcyp;18
3eb1a78ffcb672b68048989b2eae834a;amvtnkldirqbg@yopmail.com;qjphwxefotv;27
5dd8d6295b2f439bc7a7879bb0a55531;tmhfkzvubjcayrs@yopmail.com;afzcijumtwdlpkyx;48
21469f248f24683ba662a48c5033d14e;xlitkvgrahqfupdbmcwjo@yopmail.com;jeydhktcwpq;36
c5dd53a8eb503f1fd553f906467eb819;acylqdfkthw@yopmail.com;uzkdoxmihjgbfnvtqe;44
e317d8ca555e455a7f345c2836cec54a;flhbwktuqcxmnje@yopmail.com;xpqajizwgbhkfemvdtu;56
b758f486e6e81f34f40863e0d9a46064;jztymqdlgnokeu@yopmail.com;yvtmjsaiop;74
a125be1c5a120f9910b3aa36553c38ac;sduainjpexhfzw@yopmail.com;gxqwfjerinkhmsyltaz;59
9047fb7ce071ae2bcbcb51f988fe361d;spdouyajzrtenbk@yopmail.com;dnetkvpaygmsucxjolbq;37
23e1c0cf1852acb30d935395408fa142;gkqhuyfjslm@yopmail.com;praktmvxwd;31
f56210bbc5f600a039360c456710fad4;wmocvlnbrkuhsdgjxtz@yopmail.com;uafeodzswniqtvplch;62
9836064c6f872c6238d1b96eaf655e70;jlqhykwcaztbpreu@yopmail.com;sjmofkntyuxphviaqb;62
b0dc5fce007663fe9775ec05321be7b3;ikrzyvglamtefdxunhwqc@yopmail.com;ekmzhibjarwnfcl;35
258bad8d2b93e796c8714a82b47cea0b;cjgzmuyweinhvd@yopmail.com;rfwtdokbzajqcve;43
a6b193c2bb073d572971bfe794dbb4a3;wbmgxisftycjlvuoqzp@yopmail.com;ampxzeqsidkjhroclb;35
8d52dcb14555fb1dc1b167f0ec79fce5;cvjrtpsoulgkmhai@yopmail.com;pbjmevazcqrnu;26
b981ee165de34821adfd43db29bd9981;oynaseqbrvpkzghwxc@yopmail.com;hxsjbckdptozilrea;51
ff9d8d31bdbee12dcacd712dfebeff32;qygdsvetlpkfajxnoibhm@yopmail.com;sqwvainjxgedhrmotzp;62
164746fa129bdb0b3cb4421a9f80bf18;reisogaudqxt@yopmail.com;yjgpsnhrcwiqlmebazt;71
d6b77f663b66bea8192176476779177d;dopfmkuagq@yopmail.com;xfsmjorbzwda;51
cd8037f92b73dfefd47978b1691653f6;hfunrbxvcjmoklt@yopmail.com;iqwjlmxkcfvd;48
7b7a1b5c24eca6c4f49a4e3d7ce5ea37;ickngjtqrbxueyhop@yopmail.com;jkmtieagqlxwcs;20
0cb3927c1e65b8e34beff68780c16340;obprygwesnxaidjh@yopmail.com;zqhspvexnu;48
3ce52d4fa8cb6e4b717783421dc126ff;gtdkmoueif@yopmail.com;syckapqbgozjmetnfwhux;60
e75f4f88e6e79dc0f1fa04b999276a6f;pkqljedouyrzng@yopmail.com;mcwaurdqkni;23
c6ee06f84b3f53592331701ba9510065;nrdutsvowykez@yopmail.com;mflgbujcvtioz;44
cf48d0c79328f327f18fb2b4dc2fc57e;ckvxfzawdqmbyl@yopmail.com;olcgbdkaymrvjeunfzqh;24
803923792b89d347bda88b32525cc3df;qysfkwxnzldbojpm@yopmail.com;xcgpnadvsymlujtobqw;55
7fbc123de467a6f1542027262dc4980f;obazyxfejlmig@yopmail.com;bjhivukgeftlxomqnasz;71
88bab2c0daafb6a11e6685fd804927c7;mawvcinxrfyphtsjzkb@yopmail.com;jxdowzhugbyinpmf;40
4ffa3df58c2026eb0da4595f3e65aa92;zklucnpwtohxemsarygqv@yopmail.com;gfsrqdmpwutac;20
58ba49299fbb4a61b4bc66eb748dc4b4;qzxpjuydvweoc@yopmail.com;kxorvhibcynfua;57
db74aae963c5b15b6b620c8d4166af9a;gxjflmnteh@yopmail.com;gafpbolcxusnzqmk;38
b76b7a71279395508c16c9b28964edd8;kthpavqbmwyrzgli@yopmail.com;epcyjxongukhfibz;61
a32caf590fe2f2b27b17352b191e6063;usrtgfzvjbhpio@yopmail.com;edowhrqvnuczma;20
b62bf503b1609b18984b7798a79574a9;ndqxeicgyuwvsl@yopmail.com;silrdmfbqw;63
6eae43abf1265f3946f366022da02b62;nywcaimbxjzsveop@yopmail.com;ugpejdtfiknq;49
8a331559b5505dcf93fd38134c36c7f0;ujpmbwkirzvncdeylhsgx@yopmail.com;iduonmgafeclpqxtrkhbw;38
690a3819dc59b3f1e7f5277fc9907e61;nfvdmphxsygzcotkrliwq@yopmail.com;zykehvmnilfdupjbxgtoa;27
931801c55492eb8776492e41d0449711;kvxzeiglwahpcmsyobf@yopmail.com;wmbzxrvnkeiojqlthus;42
5c8821bd233f12c7bd564d767f1c61fa;uydkhcltswmoe@yopmail.com;laokuecmtbghspdfzr;48
7183668e21e845df565a361a757e13ed;xotebdyaqgfchnuijls@yopmail.com;dwcmerpjkabxsltvz;72
4c2fb775a93a901dd62412b6225cc928;sicxpgdjroezb@yopmail.com;tlkyrsnxwomizhcbpda;48
8985f06ce9baca1db44504424cfd4aad;ngfvercjhtldby@yopmail.com;yjwkomfqnvzltpeadxbs;19
7c2d2c4df23daa2eb61c3f9d7a3d4ac7;sdkgnthjozpyvliubawf@yopmail.com;vlxcyzhjdwtarkuif;21
15b5d3856b5a1dc04bd0a146279808bf;tnagledocxvumrkpi@yopmail.com;aopwhvtuemxnjrz;25
b6b62cfcd2c51a0a91c87dda9d37dd3b;vmzfotixwusbrqhyjlpka@yopmail.com;ztgecirhsdm;21
0e9c5ea781811eb884df07b2fb604dd5;ncfxeimsdgozp@yopmail.com;dzfxgkyqewtaj;62
f0f137a8640a2b9a3a30096331f95409;pxmizwvbkond@yopmail.com;xsdezhyntiavcpwuqogb;44
09960a602f65ee9aa48d52f40f996ad5;ogpfwmniyjtvzqd@yopmail.com;paqjkrhevciwou;25
f28a5618afb28434099db18c897f6ee7;kucretsadlxibpvn@yopmail.com;emgfxtvyhcosj;65
73a23240e3ce355fccff5ab5eefb3ed5;nyzaelfksgqjvpmorxh@yopmail.com;omsigacxjqfy;60
c5982f59858f1d1f8905c72422f15581;pwzjkihdcvsxybftmugel@yopmail.com;lcirphuoktzedbj;61
773c9c27aedd436b217e6f67da94c9eb;snzlmdbtvkjrfiuo@yopmail.com;sbimyhfdztocalk;25
abd8e6ec8ca44fc42cc5220d55512e0a;nxtmkecjwzsogbf@yopmail.com;blkhnjdmywvrzspueqfgo;67
80fc7382e4a12ec8516159fcaf1f3afa;pgebyvulrtjdox@yopmail.com;njhstfprczmqdkila;72
86b66fbdf876f49f6a340914522ef8d7;hnvuigydbxrefpszjt@yopmail.com;pwlncrhsfu;52
af7c6e4e5ca04391ac8b658a32229481;flmvpwrtcdniukhoazxqb@yopmail.com;vumxlqariwzfs;43
134ca39e250a730d6dd4c64f32c8e660;fjhcixmqkwgoaysz@yopmail.com;nqlhkumtesrbdf;27
c083aee4ab0f98ba514f6e18fd2cca8c;uymhdjxpgbirscleqkwat@yopmail.com;locvepyghqmuksitwx;29
7f87a50605b0c134cd94f1ef3e03a1a5;sgnuhtckjip@yopmail.com;hvgsbnxudzrfjamep;60
5305165a8c2f5e0b674a1cab8304bccd;mgbtkydsxwarjqho@yopmail.com;iaqjeogslftw;19
5756b74d419cade5caa1e78858b6dd31;jszpitgbcwk@yopmail.com;rjwkzifoutngelcbpm;26
4d165e2524c5cd6065309440ac9b9378;oslckqthubnxawzgrimje@yopmail.com;kxfqvuryjtapmgz;24
5aa72f2c7d67e519116e3e3cf38c64be;zklbiqrgxhvnuajtfy@yopmail.com;ybhsizfgcqdvtupk;60
a904ba93c70dd16a5b3340b9977a1ca0;toviadrhynwjcxsfzq@yopmail.com;stqfiywmhnr;62
c2762ad01628677761aceca1d2b84fd6;owmihqjlcfenrt@yopmail.com;eycuaskftvnmhprgo;70
95b3f269482478780608200552400202;ufwmtzqaok@yopmail.com;isrtnwhfoglkzjbyqdc;23
84a0d5d561e0079f8cf45104b3823383;pmokcntjgwer@yopmail.com;xlfgbodvuciepqakzny;69
4f27680c072023b9db2bd210816d5a7e;imfoyavegu@yopmail.com;muwhtpderbjosgyznx;19
cffafdcb91277821f3603a639131d7b8;utgzwrbmcfdakpios@yopmail.com;nduibcjfxgoaqpmtvezr;25
18834a0e5337163598a133ad688085be;fjetqbyziuowlrpac@yopmail.com;nfuqsravwelxiycpmotg;63
cf6d993222159286f2bb623fd6c4b3d3;lhsjueyndqvtikgb@yopmail.com;vpwhdljigmtr;44
1315c16c72c68d7f42f8b01d71bcf4dc;bzsucrthxfkpeayiwmdj@yopmail.com;ituwohmrpny;57
2032b6a8c9a9c68f5373143f573fe22a;btndqhoyralcsvkugme@yopmail.com;gzormxyjvdetpickqu;44
adfc5faba95a5636cc569dbd10451c40;vhqegdzybfxi@yopmail.com;yvawsmzgduhlxqfjbnrkc;59
b2a5198908d235d1a030a663505f4741;wzahuqlscjro@yopmail.com;ujelrqyziphcwvfat;22
2709c8e1a311a228040b9fd515306370;xyickrpzvtnsbo@yopmail.com;jadelhiqbowxcry;55
1a7a2ab87a4246b6891627ad9b4ecd4d;jwlybvocrtzi@yopmail.com;zfhnjtrqsdkpglxuv;33
58753afaec313996abb1bf541be174af;hunibcetpodwmx@yopmail.com;gksnbmlupitwdaqoj;58
d0f9f5cd37a118661d92b98c19c48791;jhsovpmgrtcizeqbyx@yopmail.com;oibpweqraxnvtymckgj;23
06f0005951f83965e71b93e32b9468f0;nwcqkioepxgfdyu@yopmail.com;chernlfgyutw;27
140097b581379914200a22dcc4838076;uwjesinylvqbhmfkoag@yopmail.com;hqtlgynavzdrojiwsmkfx;56
1f53e7f63b46f7aa37ef8fa4b0e7d3fa;agpeyxzrluwobhnmvsjic@yopmail.com;eqpxhmgwafzoljbrctvi;59
0a40280fbf2ace9dd34607f5b81c2b56;pdowmkbutncvyixlsqafj@yopmail.com;qxbcazdeflr;66
f9861ee39282697fea63b87ea03987e9;vsfpzhemxraqijdcyb@yopmail.com;ykvzajcxtlopsunfe;56
aab1d87d4ced943f3a6e04968069d3c1;lzefdvyipht@yopmail.com;jvgxmbphfelukqds;71
8eaec38ae25175773a5bfe3b3669c348;nhkjiwlsayrpfgquc@yopmail.com;ijdgosqfzhacky;53
f8411ee05586901aa1964e8633c37b94;ibknmujoxaf@yopmail.com;vnkqsdegolwzmy;52
a5176ec56b4e0a9a7677587a2228c634;fdvsitzaykpxruejbn@yopmail.com;vfnaprgehdciwsutkzby;67
828e1288d05ee59e4aeef004d4581f2f;ivumdabgtejqznycrhp@yopmail.com;ltzmewvnoabxqsfcu;34
93e58ce24b70e10b2b84bddde4710669;rviwpldcuqxtmnszjb@yopmail.com;dnjafpgehkitbcsymu;37
42abe6a128f446c2c41a05e7ec5ccc03;utzkfqcjprm@yopmail.com;ytwqnxfbpgsrvehczdmlk;57
fc6a7868d1ae5e29eca34b15c7f6b78f;dwulhskjxvi@yopmail.com;eavsbdguknzljmoxiyr;55
00c74fd6c83b4cb20f19529ac61728a4;rgczvtxwayqlh@yopmail.com;insrzklpvuebcqyohxawt;41
2330bececa9277212ddc1cb8b3a11768;naiqysjrpxzhtlo@yopmail.com;bxutdwknferhalvg;50
6becab694ffb19b6286dd20b180d7fbe;ufsdcoveazpr@yopmail.com;auxzlbspihmeyjwdovnqt;60
a5bbdd4056beebfed9f5a78a939bde4e;amyqljrubxh@yopmail.com;doethvqsfrwjpyami;29
31c58ec16788dea61eeca26f26916cc9;utnjmhfdviyqs@yopmail.com;xmfybvzecnlh;29
47baefdca4594bf38b76b8b2fe139311;rgehfqtkzlbi@yopmail.com;izxgprocnbd;26
847e1d25765a8de3bc3819451a46fe10;bgafehmjpnxyzuivwq@yopmail.com;ahylbjisrec;69
f9058f0ee6a8d558d55c9e5c415fb672;yqrpomtnfubl@yopmail.com;uclbopwzfdxk;40
1f7f8de9cce8be380a3ba037f445251c;dobgfchwijnrmes@yopmail.com;pbjywamqreungh;46
e090e377267b869b0a68901a67d84a6c;vpxkrngjfscadiobly@yopmail.com;khsfxndgycorbmlqpi;57
dc81ed34b33e6703cda4f0d558b3ecfb;vrhpoykxwmlbgjfid@yopmail.com;ozdbgkfwpsx;27
616cd9469eff8c5f94b4ce60efe6d30f;wnebclzkhqirg@yopmail.com;ftsjwdngmk;24
eb0fc563cc98c2090588f7f79e6f8e1d;ilunexobztmq@yopmail.com;ekvmqwxcdnjfhsbato;27
